review_id,source_store,app_name,app_identifier,review_date,rating,rating_group,review_title,review_text,review_version,country,label_topics_raw,prob_auth_registration,pred_auth_registration,prob_tech_stability_crash,pred_tech_stability_crash,prob_general_feedback,pred_general_feedback,prob_document_management,pred_document_management,prob_smarthealth_epa_features,pred_smarthealth_epa_features,predicted_topics_dashboard
9ed9e017-5226-4bb3-ba0f-531d228822f9,google_play,VIACTIV - ePA,de.viactiv.meinegesundheit.live,2026-05-23 08:46:49,1,negative,,Seit Tagen kann ich mich nicht mehr einloggen. Beim Starten der App kommt ständig ein Fehler.. Ich kann sie nicht mehr nutzen..,26.1.0,de,auth_registration;tech_stability_crash,0.90687233,1,0.92289376,1,0.10174878,0,0.45902437,0,0.2683673,0,auth_registration;tech_stability_crash
8c2b6a94-68af-43bd-abbf-d43fd74581be,google_play,VIACTIV - Service,de.viactiv.meinservice,2026-05-21 12:11:30,1,negative,,Die Aktualisierung der App funktioniert gar nicht,1.19.0,de,updates_versions,0.14644985,0,0.17056897,0,0.13984668,0,0.3318577,0,0.19157174,0,
54daf29f-5981-47b0-8ff2-cd44ee4de343,google_play,HEK Service-App,de.hek.serviceapp,2026-05-17 22:00:54,1,negative,,Gut gemeint aber Grottenschlecht gemacht Bricht ständig ab,10.3.0,de,general_feedback;tech_stability_crash,0.12688182,0,0.16582835,0,0.9333937,1,0.33343717,0,0.20776762,0,general_feedback
274c7821-fd3d-4069-bf74-886000605a9c,google_play,VIACTIV - ePA,de.viactiv.meinegesundheit.live,2026-05-14 11:02:15,1,negative,,"Es ist sehr ärgerlich, dass die App auf meinem Samsung S9 (Android) nicht mehr funktioniert, nachdem ich sie mit viel Mühe eingerichtet und auf den neuesten Stand gebracht habe....",25.10.1,de,updates_versions;tech_stability_crash,0.4908967,0,0.8967968,1,0.16657445,0,0.46869805,0,0.4355427,0,tech_stability_crash
13992577454,apple_app_store,HEK Service-App,1287511413,2026-04-24 17:10:37,1,negative,sehr schlecht,Bei jedem Update stürzt das Programm ab und ich muss alle meine Ausweis erneut eingeben und meinen Reisepass scannen.,10.3.0,de,updates_versions;tech_stability_crash;auth_registration,0.8668431,1,0.9052136,1,0.110190466,0,0.47939083,0,0.12806839,0,auth_registration;tech_stability_crash
d1be1286-fb72-49e7-a16b-8294da193711,google_play,VIACTIV - ePA,de.viactiv.meinegesundheit.live,2026-04-23 09:16:48,1,negative,,Startseite friert immer ein. nix geht.,26.1.0,de,tech_stability_crash,0.17418045,0,0.095333986,0,0.1250777,0,0.2981084,0,0.23723009,0,
13981998843,apple_app_store,HEK Service-App,1287511413,2026-04-21 15:20:53,1,negative,App sagt keine Internetverbidnung,"Nach mehreren Versuchen, Handy ausschalten, App neuinstallieren, Mobiles Netz oder WLAN sagt die App mir ständig nur eins „Keine Internetverbindung!“👎🏼",10.3.0,de,tech_stability_crash,0.5838188,1,0.9077706,1,0.10693817,0,0.45055994,0,0.11377979,0,auth_registration;tech_stability_crash
30687bfa-b002-448f-9015-042f9a8d866f,google_play,HEK Service-App,de.hek.serviceapp,2026-04-21 08:57:43,1,negative,,Die Registrierung mit Ausweis für die smart Mitgliedschaft funktioniert nicht. Der Scan bleibt ständig bei 8 % stehen und es gibt keine Hilfeoption. Die Seite mit Fragen und Antworten lädt nicht. Alles viel zu kompliziert und nervtötend.,10.3.0,de,auth_registration;tech_stability_crash;usability_ui,0.90726995,1,0.90375257,1,0.14166634,0,0.48087195,0,0.43088913,0,auth_registration;tech_stability_crash
e7fd97b5-cf48-4059-aa89-2bac291129d5,google_play,HEK Service-App,de.hek.serviceapp,2026-04-02 17:48:48,1,negative,,"Kann mich seit Monaten schon nicht anmelden, die NFC Erkennung meines Ausweises funktioniert nicht. Für alles andere kann ich problemlos NFC nutzen, nur nicht mit dieser App.",10.2.1,de,auth_registration;tech_stability_crash,0.9174139,1,0.86348134,1,0.108721465,0,0.45151672,0,0.3501717,0,auth_registration;tech_stability_crash
e19e5dbf-3ffc-4145-afc8-cf33b5937250,google_play,HEK Service-App,de.hek.serviceapp,2026-03-31 18:20:14,1,negative,,HEK Ist in Sachen Kommunikation das letzte. Leider ist der Wechsel zu einer guten Kasse in meinem Fall zu problematisch,10.2.0,de,customer_service;general_feedback,0.15728614,0,0.079174906,0,0.9165587,1,0.2684238,0,0.09741472,0,general_feedback
13905790589,apple_app_store,HEK Service-App,1287511413,2026-03-31 05:04:00,1,negative,Bietet keine Vorteile,"Obwohl mein Arzt in der Lage ist, meine Befunde auf Apps hochzuladen, zeigen sich diese nicht in meinen Daten, so dass ich bei Fachärzten immer die ausgedruckten Befunde mitbringen muss.",10.2.1,gb,smarthealth_epa_features,0.38008383,0,0.26975778,0,0.15210734,0,0.50279015,1,0.46159944,1,document_management;smarthealth_epa_features
4b807abc-f798-4551-9ca1-eed90160f224,google_play,VIACTIV - ePA,de.viactiv.meinegesundheit.live,2026-03-17 13:48:42,1,negative,,"App lässt sich nicht mehr öffnen... Update soll runtergeladen werden... Dann bekommt man gesagt, das Gerät wäre nicht kompatibel. Super toll!",25.10.1,de,updates_versions;tech_stability_crash,0.37387827,0,0.9101529,1,0.16158445,0,0.46335882,0,0.13208276,0,tech_stability_crash
6fc8f03c-5141-46cd-a5b4-99626f70004a,google_play,HEK Service-App,de.hek.serviceapp,2026-03-15 15:02:16,1,negative,,Es ist nicht möglich eine dreiseitige PDF Hochzuladen mit der Begründung das diese Datei zu groß währe. Was soll das? Es ist nur ein dreiseitiges Schriftstück. Der einzige Grund warum dies verhindert wird kann nur eine Weigerung der Annahme von Dokumenten seitens der HEK sein. Technisch ist es kein Problem so etwas im Jahr 2026 zu realisieren. Echt traurig das dies seitens der Krankenkasse offensichtlich so gewollt sein muss sonst währe es ja nicht so.,10.2.1,de,document_management,0.42320287,0,0.45159042,0,0.19018999,0,0.5061476,1,0.47748992,1,document_management;smarthealth_epa_features
7d0285a3-ebd3-4d03-b733-707201f14d01,google_play,HEK Service-App,de.hek.serviceapp,2026-03-05 17:27:55,1,negative,,"Ich sag nur: ""Es ist ein Fehler aufgetreten, bitte versuche sie es später erneut."" Dieser Fehler kommt ÖFTERS, seit ein paar Tagen auch bei jedem Versuch, die App zu öffnen. Daher leider nicht zu gebrauchen. Ich passe diese Bewertung an, sobald sich was verbessert.",10.2.1,de,tech_stability_crash,0.39468855,0,0.9288894,1,0.10073009,0,0.46315286,0,0.435691,0,tech_stability_crash
13802669063,apple_app_store,HEK Service-App,1287511413,2026-03-01 14:36:00,1,negative,Öffnet sich nicht,"Sie lässt sich nicht öffnen. Da steht immer, dass keine Internetverbindung bestünde.",10.2.1,de,tech_stability_crash,0.44909337,0,0.8959285,1,0.094538726,0,0.4022114,0,0.1997198,0,tech_stability_crash
13801924296,apple_app_store,HEK Service-App,1287511413,2026-03-01 10:24:50,1,negative,Nicht zu gebrauchen,"Wenn man mal von den spärlichen Gesundheitsdaten in der e-Akte absieht, ist es ein einziges Trauerspiel mit dieser App. Seit einigen Wochen ist kein Login mehr möglich; angeblich keine Internetverbindung meldet die App… Neustart oder Neuinstallation bringen nichts. Und nun?",10.2.1,de,smarthealth_epa_features;auth_registration;tech_stability_crash,0.9171755,1,0.9226456,1,0.0996554,0,0.48307028,0,0.46943605,1,auth_registration;tech_stability_crash;smarthealth_epa_features
13798766471,apple_app_store,HEK Service-App,1287511413,2026-02-28 13:45:07,1,negative,Funktionsstörungen,Funktioniert häufig nicht.,10.2.1,de,general_feedback,0.14978641,0,0.073163375,0,0.23145148,0,0.37909588,0,0.18457355,0,
13784736803,apple_app_store,HEK Service-App,1287511413,2026-02-24 16:53:59,1,negative,Benutzerunfreundlich und keine funktionierende Automatisierung,"Diese App ist so schlecht umgesetzt, dass ich ihren Sinn nicht verstehe. Ständig muss man sich neu anmelden. Impfungen und Arztbesuche werden nicht automatisiert angezeigt. Was ist der Sinn des Feldes dann? Dazu stürzt sie auch nach wie vor gerne mal ab.",10.2.0,de,auth_registration;smarthealth_epa_features;tech_stability_crash,0.9146978,1,0.86650753,1,0.16125509,0,0.49133238,0,0.44999495,0,auth_registration;tech_stability_crash
f64b396c-e2cd-4a0d-9ca3-87b6e9e5241d,google_play,HEK Service-App,de.hek.serviceapp,2026-02-23 11:02:02,1,negative,,"Ganz ehrlich, was soll das? Keine Chance sich an zu melden, zu registrieren. Nichts. Per Personalausweis absolut unmöglich. Per Krankenkasse Karte geht es auch nicht. Leute, das muss flutschen, ist doch absolut verständlich dass ältere Menschen hier kapitulieren. Ich hab auch aufgegeben, nachdem ich mir wohl meine Personalausweis PIN gesperrt habe. Also an die IT Kollegen: hinsetzen, nachbessern, testen(!), ausrollen. In dem Zustand, unbrauchbar!",10.2.0,de,auth_registration;general_feedback,0.9247069,1,0.1523783,0,0.56742674,1,0.49965137,0,0.44168353,0,auth_registration;general_feedback
5e5e73fb-937b-42a8-bdb2-315761927715,google_play,HEK Service-App,de.hek.serviceapp,2026-02-22 10:22:32,1,negative,,"Die App ist eine einzige Zumutung! Dauernd werde ich gebeten ein Update zu machen das aber gar nicht existiert! Jetzt komme ich endgültig gar nicht mehr in die App! Von Anfang an nichts als Ärger mit dieser angeblich tollen Erleichterungen durch die App. Für ältere und technisch nicht versierten Menschen eine einzige Katastrophe! Ich überlege ernsthaft die Krankenkasse zu wechseln zu einer, die deutlich kunden- und servicefreundlicher ist!",10.2.0,de,updates_versions;tech_stability_crash;general_feedback,0.5205436,0,0.89149505,1,0.88752633,1,0.4803761,0,0.46286306,1,tech_stability_crash;general_feedback;smarthealth_epa_features
54febc7e-ac21-4a1c-8690-004d90cd03a0,google_play,HEK Service-App,de.hek.serviceapp,2026-02-21 10:44:38,1,negative,,funktioniert einfach gar nicht,10.2.0,de,general_feedback,0.18801694,0,0.23191367,0,0.7020123,1,0.37432104,0,0.2024492,0,general_feedback
13762783246,apple_app_store,HEK Service-App,1287511413,2026-02-18 13:43:50,1,negative,Mistapp,"Größte Mülleimer App funktioniert nichts Danke , Wechsel wieder zur Techniker da klappt wenigstens alles",10.2.0,de,general_feedback,0.14993784,0,0.064194374,0,0.93283975,1,0.12742198,0,0.23029791,0,general_feedback
13741634513,apple_app_store,HEK Service-App,1287511413,2026-02-12 15:24:56,1,negative,D steht für Digitalisierung,"Ich verstehe nicht, wie man als große Versicherung es nicht hinkriegt, die App sauber am laufen zu haben. Ich kann mich schon seit über einem Jahr nicht einloggen, weil er mir ständig irgendwelche Fehlermeldungen anzeigt, wenn ich mich versuche mit meinem Ausweis oder mit meinen PIN einzuloggen. Es gibt viele verschiedene Möglichkeiten, aber nichts davon funktioniert und mal funktioniert es den Personalausweis zu scannen und manchmal nicht. Wie soll ich denn an meine ganzen Daten kommen, wenn ich noch nicht mal diese blöde App reinkomme also das ist echt ein Grund die Vers Sicherung zu wechseln. Es gibt ja noch nicht mal ein Portal online.",10.2.0,de,auth_registration;tech_stability_crash;general_feedback,0.9208163,1,0.9217497,1,0.21395297,0,0.5036592,1,0.48042297,1,auth_registration;tech_stability_crash;document_management;smarthealth_epa_features
e3ad7133-8bf3-4d28-8049-b7dad0f53e6e,google_play,HEK Service-App,de.hek.serviceapp,2026-02-02 20:44:02,1,negative,,Man kann ein Datum nicht eingeben sondern muss das über einen Kalender auswählen. Dabei kann man aber garnicht separat Jahr und Monat auswählen. Also scrollt man sich von 2026 durch jeden Monat bis 1991 zB. Am besten drei mal in einem Fragebogen. Das gibt's ja wohl überhaupt nicht,10.1.3,de,usability_ui,0.80402434,1,0.2693166,0,0.2955205,0,0.49970204,0,0.47098023,1,auth_registration;smarthealth_epa_features
13703459877,apple_app_store,HEK Service-App,1287511413,2026-02-02 04:00:51,1,negative,An der App sieht man wie schlechte Apps aussehen,Frustrierend langsam,10.1.3,de,usability_ui,0.16040552,0,0.25759274,0,0.59078604,1,0.36900207,0,0.13355094,0,general_feedback
13685049473,apple_app_store,HEK Service-App,1287511413,2026-01-28 11:31:28,1,negative,Katastrophe,"Mit keiner anderen App habe ich so viele Probleme, wie mit dieser! Ständig bekomme ich Fehlermeldungen und kann die App manchmal nicht mal richtig öffnen. Wie oft ich schon dazu aufgefordert wurde, mich neu auszuweisen und eine neue ID zu vergeben, kann ich schon gar nicht mehr zählen. Wirklich nervig! Ch hoffe das ändert sich mal.",10.1.3,de,tech_stability_crash;auth_registration,0.91245323,1,0.9278491,1,0.14643994,0,0.49869463,0,0.47015268,1,auth_registration;tech_stability_crash;smarthealth_epa_features
0f63064d-fe39-45fc-9775-89a28478622b,google_play,HEK Service-App,de.hek.serviceapp,2026-01-15 19:17:50,1,negative,,"App funktioniert nicht. Die Anmeldung ist zwar erfolgreich, gefolgt von einer Fehlermeldung ...keine Kommunikation zum Server... Versuchen sie es erneut. Immer die gleiche Meldung. Egal zu welcher Tageszeit",10.1.1,de,auth_registration;tech_stability_crash,0.92188674,1,0.92097723,1,0.09628305,0,0.46467727,0,0.36962414,0,auth_registration;tech_stability_crash
ad675848-711f-4264-b53d-937c10064915,google_play,VIACTIV - Service,de.viactiv.meinservice,2026-01-13 22:52:51,1,negative,,Ich kann die App nicht öffnen und habe am Telefon keinen Anschluß bekommen. Dauernd besetzt.,1.16.1,de,tech_stability_crash;customer_service,0.45811665,0,0.90636855,1,0.10913822,0,0.44767445,0,0.19059438,0,tech_stability_crash
a1a6cf30-c7de-4b27-a90c-b1ddd2b036e7,google_play,HEK Service-App,de.hek.serviceapp,2026-01-08 14:45:58,1,negative,,"Ich war früher schon nicht besonders begeistert von der App, weil man sich während man in der App verschiedene Sachen angesehen hat, ständig wieder neu einloggen musste. Nach der Aktivierung geht nun leider gar nichts mehr. Immer die gleiche Fehlermeldung ""Fehler bei der Kommunikation mit dem Server"".",10.1.1,de,auth_registration;tech_stability_crash,0.9192605,1,0.9237321,1,0.155927,0,0.49735853,0,0.46969804,1,auth_registration;tech_stability_crash;smarthealth_epa_features
13593339070,apple_app_store,VIACTIV - Service,1608541708,2026-01-04 11:07:17,1,negative,Übertrieben,Viel zu teuer geworden für die Leistungen,1.17.0,de,general_feedback,0.1658267,0,0.14671373,0,0.92975193,1,0.34752476,0,0.15726548,0,general_feedback
13574169458,apple_app_store,HEK Service-App,1287511413,2025-12-30 19:16:55,1,negative,Katastrophale App,"Eine der schlechtesten Apps.
Die App ist extrem langsam, der Anmeldevorgang eine Katastrophe, Smarthealth gut gemeint, jedoch schlecht umgesetzt. Hat der Azubi die App programmiert? Was denkt ihr euch dabei?!",10.1.0,de,tech_stability_crash;auth_registration;smarthealth_epa_features;general_feedback,0.6791276,1,0.88389564,1,0.88459593,1,0.44776163,0,0.3974009,0,auth_registration;tech_stability_crash;general_feedback
01a3234c-1839-47d2-b5fa-ca4f10c8b028,google_play,HEK Service-App,de.hek.serviceapp,2025-12-30 15:32:25,1,negative,,"die App funktioniert nicht, schließe mich den Vorrednern an. Keine transparenz, benutzerunfreundlich, Update funktioniert nicht, lange über außer bei der alten Version. .. und keine Daten verfügbar, ich kann nix selbst bestimmen. Werde die KK wechseln",10.1.1,de,usability_ui;updates_versions;general_feedback,0.5420041,0,0.8963215,1,0.10534677,0,0.46292937,0,0.42983913,0,tech_stability_crash
13572593816,apple_app_store,HEK Service-App,1287511413,2025-12-30 11:09:19,1,negative,Schwierig,Ich finde die App recht schwierig. Nach jedem halben Jahr erneut sich zu identifizieren ist für mich nicht nachvollziehbar. Jedesmal sehr schwierig und macht eine spontane Nutzung nicht möglich. Dokumente und Arztbesuche kaum zu finden und dauert sehr lange bis zur Einsicht.,10.1.0,de,auth_registration;smarthealth_epa_features;document_management;usability_ui,0.91952986,1,0.2599306,0,0.24466766,0,0.501364,1,0.46742097,1,auth_registration;document_management;smarthealth_epa_features
2775479a-18ba-4ccd-8beb-b178d19bcc03,google_play,HEK Service-App,de.hek.serviceapp,2025-12-29 13:25:31,1,negative,,"Da geht nichts mehr. Ich werde zu einem Updat auf gefordert Das läßt sich aber nicht installieren. Im Kontakt steht die Meldung Entschuldigung, es ist ein Fehler passiert. So ist die ach so schöne neue Krankheitsverwaltung für Patienten der komprimierte Unfug. Für die aufgeblähte Registrierung musste ich mich stundenlang herumplagen. Als kranker Mensch hat man andere Sorgen als sich mit digitalem Horror herum zu ärgern.",10.1.0,de,updates_versions;tech_stability_crash;auth_registration,0.89386344,1,0.91787916,1,0.12996624,0,0.48846245,0,0.46342337,1,auth_registration;tech_stability_crash;smarthealth_epa_features
4911be3e-9923-43f3-948c-82093c2274f5,google_play,HEK Service-App,de.hek.serviceapp,2025-12-28 20:56:35,1,negative,,Das aktualisieren der App funktioniert immer noch nicht,10.1.0,de,updates_versions,0.13828142,0,0.25618908,0,0.124524236,0,0.28522953,0,0.1732401,0,
13556164712,apple_app_store,HEK Service-App,1287511413,2025-12-26 07:34:28,1,negative,Katastrophal,"Es ist nicht möglich, Ärzte in der Patientenakte freizuschalten.
Wird das jemals klappen mit dieser App? Sowas habe ich noch nie gesehen.
Schlechter geht es wirklich nicht",10.1.0,de,smarthealth_epa_features,0.2413312,0,0.19471735,0,0.12675102,0,0.44479793,0,0.44542146,0,
9ec11a0c-7a41-45f9-83b9-83a0c42a7b29,google_play,HEK Service-App,de.hek.serviceapp,2025-12-22 11:09:45,1,negative,,"Weiterhin nicht nutzbar, trotz Neuinstallation. Es soll ein Update gemacht werden, welches es nicht gibt. Version 1.1.0 scheint weiterhin das gleiche Problem zu haben. Auf dem Kontaktbutton ist nichts hinterlegt (Fehler). Langsam weiß ich nicht mehr weiter 🤔",10.0.7,de,updates_versions;tech_stability_crash,0.5211666,0,0.92611533,1,0.09259559,0,0.4724224,0,0.45011482,1,tech_stability_crash;smarthealth_epa_features
d9a3a91d-412c-4941-a627-593449faf3a6,google_play,HEK Service-App,de.hek.serviceapp,2025-12-21 13:37:59,1,negative,,"die App ist unübersichtlich und enthält keinerlei aktuelle Daten. Der praktische Nutzen geht daher gegen NULL. Zudem ist die Anmeldung umständlich und die App fehleranfällig. ... ein negatives Beispiel für Digitalisierung in Deutschland, das teils sicher auch dem Datenschutzwahn geschuldet ist",10.0.7,de,usability_ui;auth_registration;tech_stability_crash;general_feedback,0.8956342,1,0.8935256,1,0.59151316,1,0.4809932,0,0.46121338,1,auth_registration;tech_stability_crash;general_feedback;smarthealth_epa_features
efc6907e-1315-480e-948f-e310ffe4897a,google_play,HEK Service-App,de.hek.serviceapp,2025-12-17 13:45:18,1,negative,,Ich kann diese App nicht öffnen und auch nicht aktualisieren,10.0.7,de,tech_stability_crash;updates_versions,0.18390286,0,0.42988533,0,0.11387463,0,0.13991006,0,0.13249831,0,
13523336563,apple_app_store,VIACTIV - Service,1608541708,2025-12-17 09:55:43,1,negative,Generell eine richtig schlechte Krankenkasse,Diese Krankenkasse interessiert sich überhaupt nicht um die Mitglieder!! Auf emails wird nicht geantwortet. Notwendige Behandlungen werden nicht bezahlt und es gibt ständig Ausreden. Wenn man anruft sagen junge Mitarbeiterinnen man soll doch die Krankenkasse wechseln oder es einfach in ein paar Jahren probieren… als schwerkranker Mensch. Richtig traurig!!,1.17.0,de,customer_service,0.45586148,0,0.1735817,0,0.6673324,1,0.48581418,0,0.41242543,0,general_feedback
13521083161,apple_app_store,HEK Service-App,1287511413,2025-12-16 17:42:19,1,negative,Fehler verhindert Anmeldung,"Leider kann ich mich seit langem nicht mehr anmelden, weil davor immer angezeigt wird das ein Fehler aufgetreten ist und dieser schnellstmöglich behoben wird… leider passiert das nicht. Bitte behebt das - eure App ist an sich gut, aber wenn man sie nicht nutzen kann ist das echt Mist.",10.0.4,de,auth_registration;tech_stability_crash,0.9194862,1,0.930783,1,0.16588219,0,0.4840432,0,0.45118934,1,auth_registration;tech_stability_crash;smarthealth_epa_features
c686dc68-372b-4e3b-acfa-0e845251d530,google_play,HEK Service-App,de.hek.serviceapp,2025-12-16 10:43:09,1,negative,,"Meine erste Bewertung von 2023 war schon 1 Stern. Diese App ist technisch so schlecht umgesetzt. Entweder der Server reagiert nicht oder ich kann Daten aus der Zwischenablage nicht in den Messenger einfügen. Also muss ich jetzt meine Bankverbindung entweder abtippen und baue vielleicht einen Fehler ein oder ich muss ein PDF übermitteln... Es ist wirklich traurig, dass dafür meine Beiträge verschwendet werden. Als Entwickler würde ich mich für so eine App schämen. Es tut mir leid.",10.0.7,de,tech_stability_crash;usability_ui;document_management,0.7100056,1,0.9175664,1,0.35379905,0,0.5016164,1,0.47281468,1,auth_registration;tech_stability_crash;document_management;smarthealth_epa_features
6b073b5e-9b0d-402a-b974-832c8a3b2d5c,google_play,HEK Service-App,de.hek.serviceapp,2025-12-11 14:38:16,1,negative,,"die ganze registrierung/anmeldung mit gesundheitsID/smarthealth funktioniert seit monaten immer wieder nicht richtig und produziert neue fehler, sodass man nicht auf die eigenen daten zugreifen kann. so leider komplett nutzlos.",10.0.7,de,auth_registration;tech_stability_crash,0.91985756,1,0.91381574,1,0.13014762,0,0.47122437,0,0.36978844,0,auth_registration;tech_stability_crash
55671c54-23bc-4f64-a270-2d06a3920a86,google_play,HEK Service-App,de.hek.serviceapp,2025-12-11 12:28:03,1,negative,,wiederholende Aufforderung zur Aktualisierung. man kommt nicht weiter. macht erstmal eure Hausaufgaben!!,10.0.7,de,updates_versions,0.17225401,0,0.11018965,0,0.132382,0,0.4325222,0,0.22217184,0,
5c23ce73-03e5-4e92-ad78-a8c175bcfaa0,google_play,HEK Service-App,de.hek.serviceapp,2025-12-08 10:04:02,1,negative,,Ladezeiten ohne Ende. ständig neu einloggen wenn man was hochladen will,10.0.7,de,tech_stability_crash;auth_registration;document_management,0.8928149,1,0.8200874,1,0.108928986,0,0.4942064,0,0.2498677,0,auth_registration;tech_stability_crash
13476629034,apple_app_store,HEK Service-App,1287511413,2025-12-05 04:58:10,1,negative,GesundheitsId Smart Funktionen,"Für die Anforderung der GesundheitsId scheitert man schon beim Eingeben der Email Adresse, da keine Tastatur erschein respektive von einem Overlay verdeckt wird. Iphone Pro Max aktuelles IOS",10.0.4,de,auth_registration;usability_ui,0.90081644,1,0.7550525,0,0.12094037,0,0.47915003,0,0.4297737,0,auth_registration
13473623950,apple_app_store,HEK Service-App,1287511413,2025-12-04 10:30:53,1,negative,Eine komplette Grütze,"Also ich beschwere mich ja selten und bin von der letzten Kassen App Kummer gewohnt. Aber diese App ist die Krönung. Autokorrektur ist deaktiviert. Jegliches Tippen ist eine Qual. Ich dachte erst, ich sei dement, bis ich merkte, dass die Tastatur nicht automatisch korrigiert. Meine ePa geht nicht. Insgesamt ist die Optik altbacken. Bitte GPT Nachhilfe für die Entwickler oder Agentur wechseln. Für mich ist diese miese App ein Grund, die Kasse wieder zu wechseln.",10.0.4,de,usability_ui;smarthealth_epa_features,0.55568695,1,0.8742996,1,0.20571288,0,0.48944902,0,0.47146124,1,auth_registration;tech_stability_crash;smarthealth_epa_features
13469929951,apple_app_store,VIACTIV - ePA,1540247793,2025-12-03 10:54:33,1,negative,VIACTIV ePA,"Das Anmelden bzw. das Registrieren funktioniert überhaupt nicht. Benutze ein iPhone 17 pro max mit der neuesten Software. Bei der Anmeldung friert der Bildschirm bei dem Punkt zur Eingabe der Gesundheitskarten Pin ein. Kein Bedienen mehr möglich. Habe die App deinstalliert und wieder neu installiert aber es funktioniert immer noch nicht. Schrott, mehr kann man dazu leider nicht sagen",3.0.5-1,de,auth_registration;tech_stability_crash,0.9251326,1,0.9140427,1,0.11815995,0,0.481188,0,0.45484442,1,auth_registration;tech_stability_crash;smarthealth_epa_features
bdd9fab4-9ecc-4ccc-a5b8-a53be8af091f,google_play,HEK Service-App,de.hek.serviceapp,2025-12-02 19:44:33,1,negative,,"erst könnte man sich nicht anmelden, zudem kann als nicht smart User auch nicht wirklich was anstellen. jetzt hab ich einen neuen Ausweis und wollte mich doch als smart User anmelden. Geht nicht. Entschuldigung. es ist ein unerwarteter Fehler aufgetreten. Klasse",10.0.7,de,auth_registration;tech_stability_crash,0.92137206,1,0.92282534,1,0.14176072,0,0.48630017,0,0.4183889,0,auth_registration;tech_stability_crash
13456920052,apple_app_store,HEK Service-App,1287511413,2025-11-30 01:07:43,1,negative,App stürzt ab,"Die App stürzt ab, wenn ich eine PIN oder E-Mail schreiben soll. Die Tastatur erscheint nicht und ich konnte nicht abbrechen. Ich habe die App gelöscht und wieder installiert, aber das Problem besteht weiterhin.    Der Wechsel zu Smart ist für mich bis jetzt nicht möglich, ich habe eine 16 Pro Max.",10.0.4,de,tech_stability_crash;usability_ui;auth_registration,0.87096906,1,0.9208924,1,0.09992767,0,0.49279448,0,0.4648213,1,auth_registration;tech_stability_crash;smarthealth_epa_features
13448684786,apple_app_store,HEK Service-App,1287511413,2025-11-27 23:08:15,1,negative,Funktioniert seit Wochen nicht,"Die App zeigt nur noch eine Fehlermeldung an, startet nicht mehr.",10.0.4,de,tech_stability_crash,0.29617533,0,0.9217086,1,0.10958396,0,0.1915132,0,0.20612487,0,tech_stability_crash
13447597541,apple_app_store,HEK Service-App,1287511413,2025-11-27 16:24:51,1,negative,Keine Anmeldung möglich,"Sobald ich mich anmelde sagt er, meine Daten werden hochgeladen und das kann bis zu 10 Minuten dauern. Ja nur leider passiert nichts. Vorher konnte ich mich aufgrund eines Fehlers nicht anmelden. App gelöscht und neu installiert hat sich nichts gebracht, diese App sollte General überholt werden.",10.0.4,de,auth_registration;tech_stability_crash,0.9207896,1,0.92788196,1,0.13439006,0,0.48902628,0,0.4573215,1,auth_registration;tech_stability_crash;smarthealth_epa_features
68df4ad5-d7f4-41b8-a6d1-6f7f2256de72,google_play,HEK Service-App,de.hek.serviceapp,2025-11-25 13:37:34,1,negative,,startet nicht,,de,tech_stability_crash,0.19896364,0,0.2560856,0,0.23727411,0,0.38714635,0,0.18955068,0,
13438609378,apple_app_store,VIACTIV - ePA,1540247793,2025-11-25 08:14:28,1,negative,Unbrauchbar,"Es dauert minutenlang bis die App geöffnet ist. Wenn sie dann geöffnet ist, kann man kein Eintrag an wählen. Zum Schluss kommt die Meldung keine Akte vorhanden, obwohl ich mehrere schon vorgenommen habe.",3.0.5-1,de,tech_stability_crash;smarthealth_epa_features,0.8351376,1,0.919808,1,0.11561117,0,0.48370335,0,0.44514504,0,auth_registration;tech_stability_crash
13430951869,apple_app_store,HEK Service-App,1287511413,2025-11-23 08:05:27,1,negative,keine Anmeldung möglich,"leider bei mir das gleiche Problem wie bei vielen anderen Usern, ich kann mein iPhone nicht für Smart registrieren, da bei der Eingabe der PIN für die Authentifizierung via Personalausweis die Tastatur nicht angezeigt wird, und die App einfriert.",10.0.4,de,auth_registration;usability_ui;tech_stability_crash,0.9255037,1,0.8924503,1,0.12717366,0,0.4890213,0,0.47124532,1,auth_registration;tech_stability_crash;smarthealth_epa_features
13408497251,apple_app_store,HEK Service-App,1287511413,2025-11-17 09:50:14,1,negative,Kann mich nicht anmelden,"Ich wollte mich gerade registrieren. Bin schon bei der Krankenkasse. Aber, dass gerade das nicht geht, macht die App für mich unbrauchbar.",10.0.4,de,auth_registration,0.9105777,1,0.43031618,0,0.17682981,0,0.44557017,0,0.30561095,0,auth_registration
222d0018-d95b-43f9-a833-d2121cf9806a,google_play,HEK Service-App,de.hek.serviceapp,2025-11-15 14:42:48,1,negative,,"Update: 15.11.2025: Einfach umständlich und unbrauchbar!!!! - Sicherheit ist wichtig, aber wenn man vor lauter Sicherheit die App kaum bedienen resp. verwenden kann, dann hört es irgendwann auf. Das ist einfach lächerlich...",10.0.7,de,auth_registration;usability_ui,0.5510031,1,0.7614147,0,0.52094775,1,0.4782163,0,0.36920708,0,auth_registration;general_feedback
13368833616,apple_app_store,HEK Service-App,1287511413,2025-11-07 17:21:47,1,negative,Schlechte App und schlechte Versicherung,Der Service ist super schlecht und sehr langsam. Die App hat oft Fehler und geht nicht. Bereue es von der AOK weggegangen zu sein.,10.0.4,de,customer_service;tech_stability_crash;general_feedback,0.15344058,0,0.92541486,1,0.83742714,1,0.45913532,0,0.19078821,0,tech_stability_crash;general_feedback
6b6b9f6c-3645-47a8-a954-a14bfcdd296b,google_play,HEK Service-App,de.hek.serviceapp,2025-11-01 00:37:29,1,negative,,"Stürzt dauernd ab, wenn ich Dateien hochladen oder Kontakt (z.B. zum technischen Support) aufnehmen möchte.",10.0.7,de,tech_stability_crash;document_management;customer_service,0.40747824,0,0.90153325,1,0.10847637,0,0.51262516,1,0.11873289,0,tech_stability_crash;document_management
4b0f43dc-ca5c-43d2-8d5d-fd6204074ad4,google_play,HEK Service-App,de.hek.serviceapp,2025-10-26 17:14:29,1,negative,,"Die App lässt nicht öffentlich, bzw. nach kurzem laden kommt die Meldung das eine Fehler aufgetreten ist",10.0.7,de,tech_stability_crash,0.35510138,0,0.9266265,1,0.09334736,0,0.15237536,0,0.15530224,0,tech_stability_crash
2aac815f-040a-4e12-8688-4f43e848cb43,google_play,VIACTIV - ePA,de.viactiv.meinegesundheit.live,2025-10-26 16:41:21,1,negative,,"Sicherheitsschlüssel erstellt, soll ihn dann eingeben um endlich die Akte sehen zu können und dann steht da, dass die Paare nicht übereinstimmen. Zeit und Nerven für umsonst verschwendet, vielen Dank auch...",25.8.0,de,auth_registration;smarthealth_epa_features,0.37790722,0,0.1595265,0,0.18136278,0,0.48172572,0,0.41112226,0,
13265043132,apple_app_store,HEK Service-App,1287511413,2025-10-14 11:49:07,1,negative,Unglaublich schlecht,"Hier funktioniert nichts. Gar nichts. Aber auch die HEK funktioniert nicht seit Monaten keine Pflegegeldzahlungen mehr. Man erreicht niemanden. Hat man mal jemanden erreicht, der Auskunft geben kann, wird einem die Lösung der Probleme und eine Rückmeldung versprochen. Nichts davon tritt je ein. Eine absolut unseriöse Gesellschaft, wahrscheinlich schon pleite, weil nicht mehr gezahlt wird. Finger weg, wechseln!",10.0.4,de,customer_service;general_feedback,0.356593,0,0.29723796,0,0.7957289,1,0.4861782,0,0.4225488,0,general_feedback
1d8453b2-99a8-43b0-b8b1-6945d57c84d6,google_play,HEK Service-App,de.hek.serviceapp,2025-10-11 13:19:27,1,negative,,"Eine Regierung per Chipkarte und Personalausweis mit Pin und Puk über 30 Minuten inklusive Reset, sagt mir die App, dass die eingegebenen Daten nicht korrekt sind. Zweimal lief Scan allerdings nur immer bis 8%. Gewartet bis über 5 Minuten aber nichts funktionierte! Bin schwer enttäuscht und es ärgert mich!",10.0.5,de,auth_registration;tech_stability_crash,0.9163463,1,0.9155675,1,0.2600238,0,0.4925498,0,0.45419666,1,auth_registration;tech_stability_crash;smarthealth_epa_features
13241130555,apple_app_store,VIACTIV - ePA,1540247793,2025-10-08 19:05:37,1,negative,Ungenügend!,"Keine Anmeldung möglich ; extrem schlecht programmiert ; da ich meine ePA haben möchte, werde ich zur TK wechseln",3.0.5-1,de,auth_registration;smarthealth_epa_features;general_feedback,0.9064532,1,0.18539697,0,0.18154512,0,0.41660714,0,0.38220805,0,auth_registration
13232676357,apple_app_store,HEK Service-App,1287511413,2025-10-06 19:22:30,1,negative,funktionier gar nix!,"trotz mehrer updates und rezensionen meiner vorgänger, ist fast jede funktion durch „technische fehler“ blockiert. 
kann leider bis jetzt noch nicht smart-user werden, obwohl der digitale service einer der gründe war, weshalb ich zur hek gewechselt bin. sehr enttäuschend!",10.0.4,de,tech_stability_crash;auth_registration,0.87919337,1,0.9022931,1,0.12058125,0,0.47209856,0,0.41082534,0,auth_registration;tech_stability_crash
13214587999,apple_app_store,VIACTIV - ePA,1540247793,2025-10-02 17:16:12,1,negative,nicht funktionstüchtig,"nicht nur sind vorherige daten so gut wie gar nicht da (ein Arztbrief), auch jegliche Impfungen etc. fehlen. Beim manuellen Einfügen kann das Menü der aufgelisteten möglichen Impfungen nicht heruntergecrolled werden (beim Halten und Scrollen springt es sofort wieder zurück). Unglaublich für eine App",3.0.5,de,smarthealth_epa_features;usability_ui,0.5255741,0,0.43598166,0,0.119376205,0,0.49075472,0,0.46559215,1,smarthealth_epa_features
13212655222,apple_app_store,HEK Service-App,1287511413,2025-10-02 08:05:35,1,negative,Anmeldung nicht möglich,Leider aktuell keine Anmeldung möglich. Tastatur wird nicht eingeblendet und App reagiert nicht. Bitte schnell fixen.,10.0.3,de,auth_registration;usability_ui;tech_stability_crash,0.89595747,1,0.9097274,1,0.120151654,0,0.3750504,0,0.15887004,0,auth_registration;tech_stability_crash
a37cc472-d607-4020-9a04-0ad099de233e,google_play,HEK Service-App,de.hek.serviceapp,2025-09-26 10:49:09,1,negative,,"Smart Healt/EPA funktioniert seit Monaten nicht mehr, auch jetzt noch nicht. Galaxy S22 mit Android 15.",10.0.3,de,smarthealth_epa_features;updates_versions,0.3144039,0,0.15408123,0,0.2127143,0,0.2733572,0,0.19653897,0,
1a18bf86-470a-49ae-be82-7b445b90fdfa,google_play,HEK Service-App,de.hek.serviceapp,2025-09-21 23:00:11,1,negative,,wird diese App auch mal funktionieren? Gerade erst deinstalliert und neu installiert und angeblich hab ich nicht die neuste Version und kann sie mal wieder nicht nutzen. Echt Erstklassigeer Service ...🤢,,de,updates_versions,0.5458318,0,0.7342749,0,0.3174475,0,0.43870133,0,0.24871565,0,
13157659172,apple_app_store,VIACTIV - Service,1608541708,2025-09-19 16:34:12,1,negative,Sehr viel Arbeit für nichts,"Ich verstehe diese überwiegend positiven Bewertungen nicht. Der Anmeldevorgang über Nect Ident hat mehrmals nicht funktioniert und teilweise nach erfolgreicher Authentifizierung die Daten nicht auf die VIACTIV App übertragen. 

Nach mehreren Tagen habe ich es dann letztendlich geschafft und musste mit erschrecken feststellen, dass diese App nichts weiter als eine Dekoration auf meinem Homescreen ist, da alles im Service Bereich (der VIACTIV SERVICE APP!!) nach dem Aufrufen aufgrund des Fehlers Z4 nicht nutzbar ist. 
Es wird lediglich ein roter Kasten angezeigt, welcher mir sagt, dass der Zugang nicht möglich ist. 
Ich weiß aber, dass ein Zugang möglich ist, das die Seite erreichbar ist und für eine Sekunde auftaucht, bis der rote Kasten erscheint und mir die Hoffnung einer funktionsfähigen App endgültig raubt. 

1. Wechselt den Dienstleister der Identifikation, da ich scheinbar nur einer von vielen ist, der diesen Vorgang als unerträglich empfand. 
2. bringt die App auf Vordermann, damit man sie auch nutzen kann, wofür ihr sie gemacht habt.",1.15.2,de,auth_registration;tech_stability_crash,0.9190572,1,0.92348003,1,0.14201836,0,0.4971681,0,0.48033738,1,auth_registration;tech_stability_crash;smarthealth_epa_features
13141763763,apple_app_store,HEK Service-App,1287511413,2025-09-15 20:03:08,1,negative,Seit Jahren dysfunktional,"Ich muss leider einen Stern geben aber diese App funktioniert trotz wiederholter Kontakte mit dem Service in aller Regel nicht oder nur kurz. 
Selbst nach erfolgreicher Authentifizierung bleibe ich dann doch draussen. Meine Software ist stets aktuell. Sehr nervtötend!",10.0.3,de,customer_service;auth_registration;tech_stability_crash,0.91008914,1,0.9259351,1,0.25811833,0,0.47245038,0,0.41230145,0,auth_registration;tech_stability_crash
bfe477d9-c8cc-465f-9cf2-9d8c0bf446cf,google_play,HEK Service-App,de.hek.serviceapp,2025-09-03 12:10:00,1,negative,,Die App fühlt sich an als wäre die nicht fertig durchdacht. Design ist eher veraltet und die Nutzung ist nicht sehr intuitiv. Enttäuschend,10.0.2,de,usability_ui,0.3790664,0,0.38506326,0,0.6950881,1,0.45443115,0,0.31064087,0,general_feedback
ddef334e-e5d4-4e41-8478-59e10893d3ff,google_play,HEK Service-App,de.hek.serviceapp,2025-09-02 14:27:10,1,negative,,"Seit Monaten kann ich keine laufenden Anträge mehr verfolgen. Erhalte immer die Fehlermeldung, dass der Service gerade nicht funktionieren würde und ich es später versuchen solle. Wann ist denn später? Weihnachten 2026?",10.0.2,de,tech_stability_crash,0.5367845,0,0.9202807,1,0.11222987,0,0.4740942,0,0.35853565,0,tech_stability_crash
4cbf9bc5-f470-47f6-a28c-d3b30e607f21,google_play,VIACTIV - ePA,de.viactiv.meinegesundheit.live,2025-08-31 12:53:30,1,negative,,Nur Probleme beim Registrieren und Anmelden. Ständig kommen irgendwelche Fehlermeldungen,25.6.0,de,auth_registration;tech_stability_crash,0.91209185,1,0.91980046,1,0.10322231,0,0.435681,0,0.17273507,0,auth_registration;tech_stability_crash
d1761199-869d-4850-8510-7ec6ef6dadf3,google_play,HEK Service-App,de.hek.serviceapp,2025-08-23 22:46:51,1,negative,,smart lässt sich nicht öffnen - kann mich nichtmal registrieren:(( - es ist ein unerwarteter Fehler aufgetreten! leider seit Monaten so :( leider unbrauchbar ohne diese Funktion für mich,10.0.2,de,auth_registration;tech_stability_crash,0.9209495,1,0.9224341,1,0.09692726,0,0.33699495,0,0.24747539,0,auth_registration;tech_stability_crash
13033010521,apple_app_store,HEK Service-App,1287511413,2025-08-18 22:33:40,1,negative,Wenn Dokumente gelöscht werden,"Morgens lag ein Dokument im Posteingang, überflogen, festgestellt, war fehlerhaft, löte mich nachmittags darum kümmern. Nachricht komplett verschwunden. Hotline angerufen, verstehe man nicht, soll es am nächsten Tag probieren. Dokumente weiterhin weg für mich, stattdessen kam eine korrigierte Version. Wenn jedoch Dokumente ohne Hinweis und meinem Posteingang verschwinden können, nachdem ich diese bereits gelesen habe, verliert die Glaubwürdigkeit  der App jegliches Vertrauen.",10.0.2,de,document_management;customer_service,0.46547872,0,0.90012944,1,0.198253,0,0.5042819,1,0.4588671,1,tech_stability_crash;document_management;smarthealth_epa_features
c9cd4b0a-98ba-46cd-b343-114cb697abab,google_play,HEK Service-App,de.hek.serviceapp,2025-08-15 22:10:15,1,negative,,"Seit Anfang Juli erscheint beim Öffnen der App - auf allen drei Handys - folgendes ""Dieser Dienst steht gerade nicht zur Verfügung"". Habe bereits EMail Kontakt zur HEK aufgenommen, aber ausser, dass mittlerweile zwei Aktualisierungen erfolgten, ich es erneut versuchen soll und der technische Support informiert wurde, ist bisher keine Besserung in Sicht.",10.0.2,de,tech_stability_crash;customer_service,0.5632122,1,0.92610455,1,0.09672249,0,0.47730398,0,0.45838717,1,auth_registration;tech_stability_crash;smarthealth_epa_features
12959781095,apple_app_store,HEK Service-App,1287511413,2025-07-31 17:46:38,1,negative,Nicht zu gebrauchen,"Dokumente werden angekündigt, in jedem zweiten Fall kann ich dann trotzdem nicht zugreifen.  Bei Wechsel in einer andere App muss man sofort wieder sich neu einloggen mit den bekannten blinkenden Screens. Am schlimmsten finde ich allerdings, dass die Ehepaar bereits seit mehreren Tagen wieder gar nicht mehr funktioniert und der Support auch keine Angabe machen kann, wann man da wieder zugreifen kann.",10.0.0,de,document_management;auth_registration;smarthealth_epa_features;customer_service;tech_stability_crash,0.91942155,1,0.9239396,1,0.1448656,0,0.5023722,1,0.47487006,1,auth_registration;tech_stability_crash;document_management;smarthealth_epa_features
289f553e-615d-4eb5-9d9c-f9cb5d71d5f0,google_play,HEK Service-App,de.hek.serviceapp,2025-07-30 10:56:09,1,negative,,"Die App funktioniert nicht. Es ist ""ein Fehler aufgetreten"" Die App hat noch nie funktioniert, 2025 nicht und auch 2024 schon nicht. Super Service 🤣🤣🤣",10.0.0,de,tech_stability_crash,0.43997052,0,0.91500974,1,0.20236404,0,0.4337159,0,0.36681896,0,tech_stability_crash
2ffcf831-13a9-4626-80b8-1b5777a057d4,google_play,HEK Service-App,de.hek.serviceapp,2025-07-26 11:24:26,1,negative,,"Zweiter versuch nachdem die HEK ePa app nicht funktionierte. Angemeldet per Personalausweis, dann mit der GesundheitsID, danch den Schlüssel per QR code eingescant, danach des übliche ""schön das Sie da sind, Ihre Daten werden geladen, gleich geht es weiter""... Seit dem endlos Ladebildschirm, mittlerweile fast zwei Stunden. Ich werde jetzt abbrechen. Schrott App.",10.0.0,de,auth_registration;smarthealth_epa_features;tech_stability_crash,0.9197435,1,0.91759425,1,0.13953446,0,0.47996876,0,0.45560914,1,auth_registration;tech_stability_crash;smarthealth_epa_features
bc1f4964-1a3d-4aef-9a9d-d5a9a32fe2f5,google_play,VIACTIV - ePA,de.viactiv.meinegesundheit.live,2025-07-25 13:28:59,1,negative,,geht nur mit NFC Handy !!??? peinlich,25.6.0,de,auth_registration;updates_versions,0.14976127,0,0.20203848,0,0.779952,1,0.33355582,0,0.18538733,0,general_feedback
12926383917,apple_app_store,HEK Service-App,1287511413,2025-07-23 12:01:08,1,negative,Nicht brauchbar,"Diese App scheint absolut nicht brauchbar. Permanent Fehlermeldungen, Verbindungsfehler. Den Stern hab ich nur gegeben weil das Wetter heute beSser war. Werde also weiterhin Briefe schicken. Wenn es ihr eine App baut dann testet diese bitte auch ausgiebig denn hiermit werden Zugriff zu hoch sensiblen Daten gewährt.",10.0.0,de,tech_stability_crash;document_management,0.3969382,0,0.9258779,1,0.122775264,0,0.4865218,0,0.37666607,0,tech_stability_crash
12913503456,apple_app_store,VIACTIV - ePA,1540247793,2025-07-20 07:17:59,1,negative,Fehler immer wieder,"Leider bekomme ich beim Aufrufen meiner Daten immer wieder Fehler angezeigt. 

(mirnp)
(r5x72)

Selbst bei der umständlichen Registrierung (ok, ist halt Deutschland) bekam ich am Ende einen Fehler 
(q73ix) was zum schließen der App führte. 
Beim erneuten aufrufen der App ist die Registrierung dann aber erfolgreich gewesen? Nicht sehr vertrauenswürdig.",3.0.5,de,tech_stability_crash;auth_registration,0.9251793,1,0.92905456,1,0.10960722,0,0.48252448,0,0.45734483,1,auth_registration;tech_stability_crash;smarthealth_epa_features
12910525851,apple_app_store,HEK Service-App,1287511413,2025-07-19 13:01:37,1,negative,Furchtbare App,"Ich muss mich ständig neu Einloggen und Freischalten, immer wieder eAusweis und Barcode, dann stürzt die App ständig ab weil „unerwartete Fehler“ auftreten.
Ich will doch nur nen Beleg hochladen! Warum muss man das so kompliziert machen?",10.0.0,de,auth_registration;tech_stability_crash;document_management,0.917473,1,0.928063,1,0.10337457,0,0.50941706,1,0.44963425,0,auth_registration;tech_stability_crash;document_management
12903249540,apple_app_store,HEK Service-App,1287511413,2025-07-17 16:26:58,1,negative,Grottig,"Wirklich schlechte App. Stürzt ständig ab, hängt und funktioniert leider überhaupt nicht.",10.0.0,de,tech_stability_crash,0.21674618,0,0.69604886,0,0.33278885,0,0.3177263,0,0.23146014,0,
12894988876,apple_app_store,VIACTIV - ePA,1540247793,2025-07-15 15:32:05,1,negative,Nicht wirklich brauchbar,"Es ist anscheinend nicht möglich sich wieder anzumelden, nicht über die Versichertenkarte und auch nicht über den Personalausweis. Alle erforderlichen Daten wurden korrekt eingegeben. 
Man stelle sich vor man müsste mal eben an die EPA - nicht möglich.",3.0.5,de,auth_registration;smarthealth_epa_features,0.911997,1,0.5072684,0,0.1822551,0,0.4893177,0,0.4639099,1,auth_registration;smarthealth_epa_features
7ea32889-fe1f-497b-a9f2-15bd19bcd59a,google_play,VIACTIV - Service,de.viactiv.meinservice,2025-06-14 10:01:48,1,negative,,"Seit Tagen komme ich in die App nicht mehr rein, eine neue Registrierung sei erforderlich 😔",1.14.1,de,auth_registration,0.91775566,1,0.8885614,1,0.1040527,0,0.22331847,0,0.11413855,0,auth_registration;tech_stability_crash
77680e6b-e972-4883-8433-cec4f51d21cc,google_play,HEK Service-App,de.hek.serviceapp,2025-06-11 10:44:49,1,negative,,"Da eine 100%-Nutzung (Smart) der App nur mit Online-Ausweisfunktion möglich ist, ist sie für mich sinnfrei und nutzlos. Wenn ich mir andere KK-Apps anschaue haben diese weitaus bessere Bewertungen, habe keine unter 3 Sterne gesehen. Die HEK-App hat aktuell 1,5 Sterne. Miserabel. Die App-Entwickler sollten sich Rat bei anderen Krankenkassen holen. Leider auch die HEK ePA genau so schlecht. Konnte zwar Gesundheits-ID vergeben aber ohne eID bzw. Onlienausweisfunktion keine Nutzung möglich.",8.4.4,de,auth_registration;smarthealth_epa_features,0.9076282,1,0.19131437,0,0.5397437,1,0.49338228,0,0.47048134,1,auth_registration;general_feedback;smarthealth_epa_features
5710fe05-42a4-471f-890a-e188d2bdd36f,google_play,VIACTIV - ePA,de.viactiv.meinegesundheit.live,2025-05-28 13:13:41,1,negative,,Seit Tagen werden Daten kontrolliert bitte haben Sie Geduld,25.3.1,de,tech_stability_crash,0.123032056,0,0.54257303,0,0.16143484,0,0.36535922,0,0.1719799,0,
bcdd4e12-b0a6-4f53-b134-bb23c213920a,google_play,HEK Service-App,de.hek.serviceapp,2025-05-22 14:42:55,1,negative,,"Die EPA Funktion ist weder über diese App noch über die extra ausgelagert Epa App abrufbar (die ich dann direkt wieder deinstalliert habe). E-Rezepte sind auch nicht darüber zu empfangen, geschweige denn an eine Apotheke weiterzuleiten. Alles in allem: Diese App ist einfach zu nichts wirklich zu gebrauchen, schade um die Zeit zum installieren und einrichten. Bitte integriert endlich hier die EPA, so wie es schon lange gesetzlich vorgegeben ist !!!",8.4.4,de,smarthealth_epa_features,0.6205938,1,0.34899306,0,0.2338768,0,0.49853873,0,0.47572082,1,auth_registration;smarthealth_epa_features
12676404014,apple_app_store,HEK Service-App,1287511413,2025-05-20 08:36:38,1,negative,Total unübersichtlich,Die App ist total unübersichtlich und eig nur als Basic zu nutzen da es nicht funktioniert sich für das smart zu verifizieren. Man wird nicht vernünftig zu den Apps weitergeleitet und kommt dann garnicht weiter weil irgendwas fehlt. Würde gerne die App nutzen aber leider unmöglich für mich.,8.4.4,de,usability_ui;auth_registration,0.71588665,1,0.4146668,0,0.3286278,0,0.4903189,0,0.46021292,1,auth_registration;smarthealth_epa_features
d6a2f1d9-297b-441b-89ab-4526e628f558,google_play,VIACTIV - Service,de.viactiv.meinservice,2025-04-12 20:17:50,1,negative,,"Echt peinlich, in einer Zeit wo EU Bürger überall arbeiten, leben und Wohnhaft sein dürfen. Mit Niederländisch Paspoort geht nichts mit anmelden bei euer App. Echt peinlich, schämt euch.",,de,auth_registration,0.8850105,1,0.13309202,0,0.49807873,1,0.46199745,0,0.14590952,0,auth_registration;general_feedback
64719ca3-c732-48fe-9058-4db2721ab562,google_play,VIACTIV - Service,de.viactiv.meinservice,2025-03-31 20:24:56,1,negative,,"Registrierung lief reibungslos, Kommunikation eher wild und ungeordnet. Leider kann man nicht wirklich auf Nachrichten antworten. Alles landet ungeordnet im ""gesendet"" Ordner. Ob irgendwer mein Anliegen bearbeitet ist nicht zu erkennen. Sehr viel Potential nach oben. 3 Jahre später: es hat sich nichts verändert. meine Frau hat bei einer anderen Krankenkasse 3 Tage später als ich Kinderkrankengeld beantragt, ihr Geld ist bereits auf dem Konto. ich kann nicht einmal sehen ob es jemand bearbeitet",1.13.0,de,auth_registration;document_management;customer_service,0.91889507,1,0.7996698,0,0.39288518,0,0.50433344,1,0.4647036,1,auth_registration;document_management;smarthealth_epa_features
ec9a082f-1d3b-4fa6-90f2-2dbdd758d95d,google_play,HEK Service-App,de.hek.serviceapp,2025-03-26 18:13:25,1,negative,,"Sobald ich die App öffne, erscheint eine Fehlermeldung bzgl der fehlerhaften Kommunikation mit dem Server und ich kann nichts tun. Deinstallieren und erneut installieren ändert ebenfalls nichts, somit ist die App unbrauchbar für mich.",6.3.0,de,tech_stability_crash,0.69261444,1,0.9252152,1,0.09972653,0,0.49395555,0,0.45796594,1,auth_registration;tech_stability_crash;smarthealth_epa_features
38108b89-1263-4aab-9ce7-60b568ace74c,google_play,HEK Service-App,de.hek.serviceapp,2025-03-26 14:31:07,1,negative,,"Die Applikation funktioniert ""smart"" einfach nicht . Ich muss noch alles per Brief bekommen .",8.4.4,de,auth_registration;document_management,0.63875735,1,0.102036245,0,0.14270444,0,0.45283172,0,0.18830888,0,auth_registration
a1dc55ec-5d7d-46cd-8501-ddfe40e09092,google_play,HEK Service-App,de.hek.serviceapp,2025-03-20 23:00:10,1,negative,,Absolut unzuverlässige App,8.4.4,de,general_feedback,0.24772966,0,0.07955633,0,0.8770971,1,0.343897,0,0.22827105,0,general_feedback
b4657d97-9a71-40eb-a842-8f5b45d4b07c,google_play,VIACTIV - Service,de.viactiv.meinservice,2025-03-17 12:43:15,1,negative,,"Habe die App installiert, funktioniert überhaupt nicht von Anfang an."" Dieser Dienst steht momentan nicht zur Verfügung "", steht sofort wenn man die App startet.",1.13.0,de,tech_stability_crash,0.49963406,0,0.9241966,1,0.10224438,0,0.413712,0,0.31277844,0,tech_stability_crash
12397051870,apple_app_store,HEK Service-App,1287511413,2025-03-08 15:29:52,1,negative,nutzlos,Bisher konnte ich keinen Nutzen der HEK-App erkennen. Nicht einmal QR-Codes auf einem HEK-Formular lassen sich scannen. Reine Zeitverschwendung.,8.4.4,de,document_management,0.36997756,0,0.15153357,0,0.108675614,0,0.4995593,0,0.41498047,0,
12391454503,apple_app_store,VIACTIV - ePA,1540247793,2025-03-07 06:49:15,1,negative,„Fehlerbehebung“,…..“Verschlimmbesserung“ wäre angebrachter….seit dem kein Aufruf mehr möglich…bekommt die App doch bitte endlich mal in den Griff/in einen stabilen Lauf!,3.0.2,de,updates_versions;tech_stability_crash,0.14505966,0,0.8983149,1,0.18029831,0,0.4435263,0,0.10811703,0,tech_stability_crash
1601d950-6323-461c-ade3-1793a496ab87,google_play,VIACTIV - ePA,de.viactiv.meinegesundheit.live,2025-03-06 06:45:46,1,negative,,Leider absolut unterirdisch. Die App ist nicht selbsterklärend. Und was noch weniger zu verstehen ist das man nirgends irgendwo Widerspruch eingelegt hat und dann einen Brief bekommt das man der Speicherung der Abrechnungsdaten widersprochen hat. Das habe ich nicht. Man kann hierzu auch keine Einstellung in der App finden.....,24.12.1,de,usability_ui;general_feedback,0.7926548,1,0.76743263,0,0.48017427,1,0.5001204,1,0.46049595,1,auth_registration;general_feedback;document_management;smarthealth_epa_features
70bd7484-5753-452e-aae0-563c62f8db61,google_play,HEK Service-App,de.hek.serviceapp,2025-03-01 19:11:12,1,negative,,Absolute Katastrophe mit der neuen smart Version. Schließe mich allen weiteren Kommentaren an. Auch der Support hat hier nicht weitergeholfen. Viele Stunden unnötiger Problemursachen haben nicht geholfen. Maximal frustriert und überlege einen Krankenkassenwechsell.,8.4.4,de,general_feedback;customer_service;auth_registration,0.5343679,0,0.3278146,0,0.90849394,1,0.46788067,0,0.29967344,0,general_feedback
12320154936,apple_app_store,VIACTIV - Service,1608541708,2025-02-17 01:32:20,1,negative,Katastrophale App,"Registrierung muss 3x wiederholt werden, obwohl die App nicht neu installiert wurde! Nach der erfolgreichen Registrierung lädt die App gefühlt 10 min lang, um dann „Wartung“ anzuzeigen. 0 von 5 Sternen für diese App! Der eine Stern ist wahrlich zu viel…",1.12.2,de,auth_registration;tech_stability_crash;general_feedback,0.9160188,1,0.9184242,1,0.20714176,0,0.483035,0,0.45905346,1,auth_registration;tech_stability_crash;smarthealth_epa_features
8661a252-ad2c-40b3-95f8-06fb36b7ff82,google_play,VIACTIV - ePA,de.viactiv.meinegesundheit.live,2025-02-11 17:36:33,1,negative,,Geht nicht mehr,24.12.1,de,tech_stability_crash;general_feedback,0.21988077,0,0.1898933,0,0.46458143,1,0.33384785,0,0.21536991,0,general_feedback
44233620-4696-496f-ad50-75e32ffcff9e,google_play,VIACTIV - ePA,de.viactiv.meinegesundheit.live,2025-02-10 15:20:38,1,negative,,"Schon für das Anmelden muss ich mindestens sechs Mal die PIN eingeben. Ob das Ding inhaltlich was bringt, wird die Zeit zeigen. Erscheint mir aber jetzt schon zu umständlich.",24.12.1,de,auth_registration;usability_ui,0.91635334,1,0.18812281,0,0.17363413,0,0.48212054,0,0.40533778,0,auth_registration
12270341989,apple_app_store,VIACTIV - Service,1608541708,2025-02-04 15:35:32,1,negative,Registrierung,Leider kann ich die App nicht nutzen obwohl ich die Verifizierung durchführe und per Mail bestätige. Immer wieder wird der Vorgang wiederholt und man kommt nicht in das Menü,Version 1.12.0,de,auth_registration;tech_stability_crash,0.9208169,1,0.91499656,1,0.11771098,0,0.49246606,0,0.44251937,0,auth_registration;tech_stability_crash
12266574299,apple_app_store,HEK Service-App,1287511413,2025-02-03 16:49:45,1,negative,Schlimm,"Wir machen es kurz und knapp, die App ist nicht schön anzusehen, hat keinen Darkmode, ist glaube ich die langsamste App überhaupt und total unzuverlässig in ihrer Funktion. 
Schade da ich mit der HEK zufrieden bin.",8.4.4,de,usability_ui;tech_stability_crash;general_feedback,0.29038548,0,0.72716826,0,0.910852,1,0.46335354,0,0.4221715,0,general_feedback
6208b2b3-e558-46f2-adab-a5af8dcf7287,google_play,VIACTIV - Service,de.viactiv.meinservice,2025-01-27 20:31:04,1,negative,,"Funktion nicht, bitte neu überarbeiten,",1.12.1,de,general_feedback,0.12617277,0,0.11661285,0,0.1659024,0,0.36556196,0,0.18680508,0,
edaef9f1-f82e-42fb-8c76-9165cf03209b,google_play,HEK Service-App,de.hek.serviceapp,2025-01-27 00:30:51,1,negative,,"Die App könnte so gut sein, würde smart funktionieren. ""Ein unbekannter Fehler ist aufgetreten."". Scheinbar bei allen Google Geräten. Und das seit fast einem Jahr.",8.4.4,de,auth_registration;tech_stability_crash,0.4679838,0,0.92398393,1,0.10410896,0,0.40804997,0,0.27498484,0,tech_stability_crash
1853d3d6-5e01-4259-a8d6-cde9570b7bc5,google_play,HEK Service-App,de.hek.serviceapp,2025-01-24 06:23:50,1,negative,,Noch nie so eine schlechte app erledbt,8.4.3,de,general_feedback,0.14222834,0,0.108523816,0,0.9105804,1,0.2994877,0,0.17225718,0,general_feedback
f614f6c7-6d19-40e2-a409-713bf50cba7e,google_play,VIACTIV - Service,de.viactiv.meinservice,2025-01-16 15:32:46,1,negative,,"leider nur einen Stern ich würde am liebsten Null vergeben und ich verstehe nicht warum man sich hier mit dem Personalausweis identifizieren soll , die App könnt ihr in die Tonne treten die schlechteste App die ich jemals gesehen habe",1.12.1,de,general_feedback;auth_registration,0.91878,1,0.25825927,0,0.72229284,1,0.48364502,0,0.4334181,0,auth_registration;general_feedback
12191161507,apple_app_store,VIACTIV - ePA,1540247793,2025-01-16 12:13:24,1,negative,Funktioniert nicht,"Ich habe mich zwar erfolgreich mit der Ausweis-App registriert, aber wenn ich die Funktionen nutzen möchte, erhalte ich jedesmal eine Fehlermeldung und die Aufforderung, es später nochmal zu versuchen. Dieses später dauert nun schon einige Tage an. Besser nicht ne App launchen, wenn so elementare Funktionen nicht funktionieren.",2.6.4,de,auth_registration;tech_stability_crash,0.91904074,1,0.9272824,1,0.1131391,0,0.4945399,0,0.4677039,1,auth_registration;tech_stability_crash;smarthealth_epa_features
12184217972,apple_app_store,VIACTIV - ePA,1540247793,2025-01-14 17:10:56,1,negative,Kompliziert und ohne Funktion,"Nach Wochenlangen hin und her mit Service Krankenkasse habe ich alle Registrierungen usw erledigt. Dann zu guter letzt kommt in der App seit Stunden der Hinweis: bitte haben sie etwas Geduld …….
Nur die habe ich nun nicht mehr. 
Die App ist überflüssig und nutzlos",2.6.4,de,customer_service;auth_registration;tech_stability_crash;general_feedback,0.9234038,1,0.91186845,1,0.90508205,1,0.4568833,0,0.41422066,0,auth_registration;tech_stability_crash;general_feedback
e14e080e-e19a-4291-9f26-728a512447c6,google_play,HEK Service-App,de.hek.serviceapp,2025-01-14 10:58:15,1,negative,,"Seit einem Jahr versuche ich die smart Version. Funktioniert nicht mit meinem ausl. Ausweis. Gestern wieder mit HEK telefoniert; Antwort: Ausländische Bürger haben keinen Zugang zur ePA. Bin seit 1990 Mitglied, überlege die Krankenkasse zu wechseln.",8.4.2,de,auth_registration;customer_service;smarthealth_epa_features;general_feedback,0.9110819,1,0.51631534,0,0.20084527,0,0.46136853,0,0.36885428,0,auth_registration
12177085053,apple_app_store,HEK Service-App,1287511413,2025-01-12 21:05:44,1,negative,Keine Anmeldung möglich,"Gerne hätte ich null Sterne gegeben. Nach dem die Krankenkasse es nicht hinbekommen hat mir zu Beginn meiner Versicherung die Versicherungskarte zu zu senden wollte ich sie nun online aktivieren um morgen wegen eines Notfalls zum Arzt gehen zu dürfen. Nur leider ist dies mit der HEK scheinbar nicht möglich. Die Anmeldung hängt sich ständig auf. Ich habe sie bereits mehrfach geschlossen, abgewartet und sogar neu installiert, aber nichts geht. Ich bin stinksauer und werde die HEK schnellstmöglich kündigen….so ein schlechter Service ist unfassbar",8.4.2,de,customer_service;auth_registration;tech_stability_crash;general_feedback,0.9165033,1,0.87597096,1,0.722938,1,0.49319872,0,0.46804482,1,auth_registration;tech_stability_crash;general_feedback;smarthealth_epa_features
aaa369ee-e557-408e-9e6c-935fdff7d055,google_play,HEK Service-App,de.hek.serviceapp,2025-01-09 11:36:43,1,negative,,"Smart Health funktioniert nicht! Der Code spuckt nur ""Entschuldigung, es ist ein unerwarteter Fehler aufgetreten"" aus...",8.4.2,de,auth_registration;tech_stability_crash,0.4932058,0,0.9223993,1,0.098526865,0,0.42955747,0,0.278516,0,tech_stability_crash
56801d4f-5fab-4fd9-90ad-77d544fb0d46,google_play,HEK Service-App,de.hek.serviceapp,2025-01-08 19:18:31,1,negative,,"Die App ist der totale Müll. Da funktioniert überhaupt nichts. Ständig muss man sich bei Smarth Health neu anmelden bis man letztendlich ganz gesperrt wird und ANGEBLICH 3x falsch die Kartennummer eingegeben hat. Oder es kommt die Fehlermeldung "" Es ist ein unerwarteter Fehler"" aufgetreten. Wer die App entwickelt hat, hat seinen Beruf verfehlt. Soviel zur Digitalisierung. Da gibt eine KK auch noch Geld dafür aus. Kein Wunder das die Beiträge steigen. AB IN DEN MÜLL!",8.4.2,de,general_feedback;auth_registration;tech_stability_crash,0.9188679,1,0.91882896,1,0.34189877,0,0.49048093,0,0.4618263,1,auth_registration;tech_stability_crash;smarthealth_epa_features
7a3a6cd1-01e6-44d4-8d86-73d2ab5ee1e2,google_play,HEK Service-App,de.hek.serviceapp,2025-01-08 13:29:10,1,negative,,"Bisher kann ich nur die Basic Variante nutzen, da die Registrierung für die Smart Variante immer fehlschlägt. Auch nachdem der Support für die App meine Registrierungsdaten gelöscht hat, damit ich es erneut versuchen kann, klappt es immernoch nicht. Wenn ich meine eGK für die Verifizierung nutzen will, kommt nur die Meldung, dass ich eine Karte von einer anderen Person angeblich nutze. Bei der eID Verifizierung kommt nur die Meldung, dass meine Daten nicht übereinstimmen.",8.4.2,de,auth_registration;tech_stability_crash;customer_service,0.92823315,1,0.9170182,1,0.15108205,0,0.4973384,0,0.48013106,1,auth_registration;tech_stability_crash;smarthealth_epa_features
470ab370-1ee9-4631-8431-ed9907fce5f2,google_play,VIACTIV - ePA,de.viactiv.meinegesundheit.live,2025-01-07 16:09:23,1,negative,,"Absolut enttäuschend! Ich komme bis zum Dashboard, klicke auf ePa, willige in die Einverständniserklärungen ein und dann kommt immer wieder Entschuldigung, es ist ein unerwarteter Fehler aufgetreten. Das einzige was geklappt hat, das war der Punkt mit der Organspende, wo man weiter auf die Seite des Registers dafür geleistet wurde. Ich finde es erstaunlich, dass es hier mehreren Nutzern so geht und als Antwort von der Viactiv nur kommt, dass sie es bedauern, dass es nicht klappt. Geht gar nicht!",24.6.0,de,smarthealth_epa_features;tech_stability_crash;customer_service;general_feedback,0.8803273,1,0.9137929,1,0.2487451,0,0.4950414,0,0.46989495,1,auth_registration;tech_stability_crash;smarthealth_epa_features
12964290-6a22-4a34-9b34-72adc47a3af0,google_play,VIACTIV - ePA,de.viactiv.meinegesundheit.live,2025-01-06 16:10:41,1,negative,,"Wie bei fast allen anderen Rezensionen kommt auch bei mir beim anklicken der EAkte die Meldung ""es ist ein unerwarteter Fehler aufgetreten"". Vielleicht sollte bei dieser Häufigkeit des Problems die APP einmal grundlegend überprüft werden... So kann ich natürlich nichts hochladen.",24.6.0,de,smarthealth_epa_features;tech_stability_crash;document_management,0.3445082,0,0.9279801,1,0.13547647,0,0.50160307,1,0.47197697,1,tech_stability_crash;document_management;smarthealth_epa_features
dd741ea1-f0b1-4cfc-8f99-ce73b1c7c62e,google_play,VIACTIV - Service,de.viactiv.meinservice,2025-01-01 19:14:23,1,negative,,"Nach nur 3 Monaten schon wieder ein Update und schon wieder registrieren. Das geht gar nicht! Dazu kommt, dass Nect nun nicht mal mehr das Scannen hinbekommt. Ich habe 3x minutenlang alles ausgeleuchtet, nix niente nada! Kriegt das endlich auf die Kette. Die App ist fast ein Grund die Krankenkasse zu wechseln! Ich schicke dann die Unterlagen mal per Post 😡",1.12.0,de,updates_versions;auth_registration;document_management;general_feedback,0.91880983,1,0.8847701,1,0.77293813,1,0.49951208,0,0.45660627,1,auth_registration;tech_stability_crash;general_feedback;smarthealth_epa_features
0659dace-6c00-40d9-84ac-4eb7baadd73e,google_play,VIACTIV - ePA,de.viactiv.meinegesundheit.live,2025-01-01 13:58:48,1,negative,,"Registration erfolgreich. Beim Erstellen der ePA ist dann allerdings Schluß. ""Es ist ein unerwarteter Fehler aufgetreten"".",24.6.0,de,auth_registration;smarthealth_epa_features;tech_stability_crash,0.91282153,1,0.92299646,1,0.11122869,0,0.46023998,0,0.35925743,0,auth_registration;tech_stability_crash
ba23ad3d-b513-48be-ba33-e15390041298,google_play,VIACTIV - ePA,de.viactiv.meinegesundheit.live,2024-12-29 21:12:52,1,negative,,"""Enschtuldigung, es ist ein unerwarteter Fehler aufgetreten"". Funktion nicht erfüllt, kann keine Akte einsehen. Auch die Anmeldung über die App am PC nicht möglich, auch hier tritt ein unerwarteter Fehler auf.",24.6.0,de,tech_stability_crash;smarthealth_epa_features;auth_registration,0.91438246,1,0.9290128,1,0.0922925,0,0.46203786,0,0.46404684,1,auth_registration;tech_stability_crash;smarthealth_epa_features
12119992109,apple_app_store,HEK Service-App,1287511413,2024-12-29 14:20:18,1,negative,App funktioniert nicht.,"Hab die App jetzt seit knapp einem Jahr und ist noch immer zu nichts zu gebrauchen, obwohl man immer damit preist, die beste Krankenkasse Deutschlands zu sein.",8.4.1,de,general_feedback,0.29972744,0,0.13549888,0,0.9086658,1,0.43626657,0,0.15789236,0,general_feedback
12057706018,apple_app_store,HEK Service-App,1287511413,2024-12-13 07:58:59,1,negative,Unzuverlässig und langsam,"Leider hat die App ständig Fehler und die Nutzererfahrung ist unterirdisch. Mal geht der Organspende-Bereich nicht, dann kann man sich bei smarthealth gar nicht mehr anmelden. Wenn man Fehler meldet, kriegt man entweder generische Antworten oder es wird einem eine Rückmeldung versprochen, die nie kommt. 

Außerdem ist die App extrem langsam. Das Öffnen der Bereiche dauert lange und man muss sich teilweise mehrfach erneut anmelden - sehr umständlich. 

Der Mehrwert gegenüber den (spärlichen) Infos auf der Website ist gering. 

Lediglich das Übermitteln von Dokumenten geht einfach - die Antwort erhält man dann jedoch wieder umständlich als PDF und nicht im Sinne eines kundenfreundlichen Dialogs direkt als Konversation.",8.4.1,de,tech_stability_crash;usability_ui;smarthealth_epa_features;auth_registration;customer_service;document_management,0.91743124,1,0.9142433,1,0.23546833,0,0.50934124,1,0.4768179,1,auth_registration;tech_stability_crash;document_management;smarthealth_epa_features
04b750f8-58b7-4562-bb6a-093afd69d5c7,google_play,VIACTIV - Service,de.viactiv.meinservice,2024-12-09 19:04:51,1,negative,,Instalation klappt nicht mit diesem Walvet oder wie das heißt. Eine Verifizierung über Ausweis app wohl nicht vorgesehen :-( Daher wieder deinstaliert diese so nicht brauchbare App :-(,,de,auth_registration;general_feedback,0.8379946,1,0.8418078,1,0.118529074,0,0.47082287,0,0.3298816,0,auth_registration;tech_stability_crash
800a4d6c-8103-4daa-ad8b-b2a18a151c5e,google_play,HEK Service-App,de.hek.serviceapp,2024-12-06 11:45:30,1,negative,,Unfassbar mit wie vielen Pins und Codes und Ausweisen und Karten man sich bei dieser App registrieren muss. Das ist das wahrscheinlich schlechtesteste und Nutzerin freundlichste was es gibt.,,de,auth_registration;usability_ui,0.924673,1,0.35927272,0,0.20681757,0,0.46926346,0,0.40433553,0,auth_registration
c8e8ec11-d163-4c3b-9f20-602eb1741f4a,google_play,HEK Service-App,de.hek.serviceapp,2024-12-06 10:41:48,1,negative,,"Die Nutzung der Smart Funktionalität funktioniert nicht. Man kann sich zwar über die Online Ausweisfunktion anmelden, aber danach möchte die APP Daten in den Geschützen Bereich laden. Dies kann man in einem Hinweisfenster bestätigen, doch der Ladevorgang bricht direkt ab und das hinweisfenster wird erneut angeziegt. Durch diese Endlosschleife kommt man nie in die APP selbst, damit ist das so absolut unbrauchbar. Das muss besser gehen!",8.4.0,de,auth_registration;tech_stability_crash,0.9212892,1,0.91404605,1,0.14779124,0,0.49982178,0,0.47708192,1,auth_registration;tech_stability_crash;smarthealth_epa_features
165381e2-75d8-4747-b183-7e8d364b0e87,google_play,HEK Service-App,de.hek.serviceapp,2024-12-01 22:03:11,1,negative,,Die schlimmste App überhaupt. Alles viel zu kompliziert. Ich bin raus - völlig überfordert.Und einen Perso mit Pin habe ich nicht. Also - Briefe und Kopien versenden. Sehr digital!! Nachtrag: nach vielen Jahren wechsel ich zum Jahresanfang die KK. Alles ging perfekt per App 👍🏻. Tschüss HEK!,8.4.0,de,general_feedback;usability_ui;auth_registration;document_management,0.6598761,1,0.20846951,0,0.9071134,1,0.50194603,1,0.3601403,0,auth_registration;general_feedback;document_management
12009123224,apple_app_store,VIACTIV - ePA,1540247793,2024-11-30 12:17:44,1,negative,Registrierung,Leider trotz mehrfacher Versuche sich zu registrieren ist es nicht möglich.,2.6.4,de,auth_registration,0.899258,1,0.15869264,0,0.103080586,0,0.22540186,0,0.16086482,0,auth_registration
11993933542,apple_app_store,HEK Service-App,1287511413,2024-11-26 12:27:24,1,negative,App funktioniert nicht,"App funktioniert nicht mehr, nachdem man sich für Smart angemeldet hat, in Dauerschleife kommt die Meldung man soll 10 Minuten warten, während die Daten aktualisiert werden.",8.4.0,de,auth_registration;tech_stability_crash,0.9188157,1,0.9206143,1,0.11045902,0,0.44378802,0,0.29766822,0,auth_registration;tech_stability_crash
11979298001,apple_app_store,HEK Service-App,1287511413,2024-11-22 15:48:19,1,negative,Wird von Jahr zu Jahr immer schlechter,"ePA funktioniert fast nie, Upload Funktion funktioniert auch nicht mehr, Messenger funktioniert auch nicht mehr. Wie kann es sein, dass die App immer schlechter wird?",8.4.0,de,smarthealth_epa_features;document_management;tech_stability_crash;customer_service,0.3317046,0,0.89973384,1,0.14292653,0,0.4756465,0,0.40180635,0,tech_stability_crash
11961388154,apple_app_store,VIACTIV - ePA,1540247793,2024-11-17 17:39:42,1,negative,Eigentlich null Sterne,"Nachdem die Identifizierung nicht funktionierte und ich mit einer freundlichen Mitarbeiterin der KK gesprochen habe, erhielt ich einen Brief per Post und die Identität wurde durch den Postboten bestätigt. Allerdings funktioniert die erhaltene PIN nicht. Die freundliche Mitarbeiterin der KK sagte mir, ein solcher Brief koste 15€ und werde oft nicht genutzt… vermutlich, weil die PIN nicht funktioniert- irgendwann gibt man auf. So etwas umständliches habe ich noch nie erlebt. Unbrauchbar",2.6.4,de,auth_registration;customer_service;usability_ui;general_feedback,0.91498756,1,0.46852916,0,0.62961626,1,0.5018173,1,0.47007507,1,auth_registration;general_feedback;document_management;smarthealth_epa_features
67cebb3b-5ff3-4bc5-b388-5115dc449ffc,google_play,HEK Service-App,de.hek.serviceapp,2024-11-13 04:15:18,1,negative,,"Wollte mich nach dem ich mich über den PC nicht mehr anmelden kann auch hier mal per App registrieren. Dutzende Apps die ich bereits nutze brachten mir die Erkenntnis dass dies wohl kein Problem sein könnte, weit gefehlt. Zwei Kontaktaufnahmen brachten mich keinen Schritt dem Ziel näher. In der letzten seitenlangen Erklärungsliste wuchs in mir die Erkenntnis dass diese App nichts mehr für einen 71 jährigen Mann ist. Sobald ich eine Kuh treffe die spanisch spricht werde ich es wieder versuchen.",8.3.4,de,auth_registration;customer_service;usability_ui,0.92245245,1,0.61263925,0,0.27243137,0,0.48186153,0,0.46698096,1,auth_registration;smarthealth_epa_features
11914669954,apple_app_store,HEK Service-App,1287511413,2024-11-05 09:06:59,1,negative,Schmutz,Leider ist die App absoluter Müll in Hinsicht aufs Anmelden via Gesundheitskarte oder Ausweis…,8.3.4,de,general_feedback;auth_registration,0.89820695,1,0.13427646,0,0.79119956,1,0.4027088,0,0.10855913,0,auth_registration;general_feedback
11912720938,apple_app_store,VIACTIV - Service,1608541708,2024-11-04 19:15:18,1,negative,Funktioniert nicht,1 Stern ist noch zu viel 🙂 ich habe nicht weniger als 20 Mals versucht zu registrieren aber immer nicht geklappt,1.11.2,de,general_feedback;auth_registration,0.9155542,1,0.24873754,0,0.58439255,1,0.42707086,0,0.3045024,0,auth_registration;general_feedback
e54dfc5a-e337-415b-ba8e-2e3e81587f92,google_play,HEK Service-App,de.hek.serviceapp,2024-10-21 21:34:57,1,negative,,"App gerade fertig installiert und den komplexen Freischalteprozess durchlaufen. Nun läd Smarthealth meine Daten nicht 😕. Neues Fairphone 5 mit frisch gepatchtem Android 14. Wozu verschickt die HEK Briefe, mit denen sie Kunden die ePA regelrecht aufdrängt und bekommt es dann keine funktionstüchtige App zustande?",8.3.2,de,auth_registration;tech_stability_crash;smarthealth_epa_features,0.7675433,1,0.91076535,1,0.10016538,0,0.48027438,0,0.4539803,1,auth_registration;tech_stability_crash;smarthealth_epa_features
11820760347,apple_app_store,HEK Service-App,1287511413,2024-10-11 06:58:51,1,negative,Frustrierend,"Die Dateneingabe wird überprüft und überprüft, bitte warten, Stunden später ist immer noch nichts passiert und irgendwann steht man wieder auf Anfang.",8.3.0,de,tech_stability_crash,0.2632256,0,0.91452223,1,0.13505012,0,0.4621681,0,0.114962265,0,tech_stability_crash
ee6a1b45-e73a-449a-a816-d7ccaec53106,google_play,HEK Service-App,de.hek.serviceapp,2024-10-06 14:35:40,1,negative,,Die App ist schon seit dem es diese gibt sehr gut aber die Anmeldung war mal einfach und gut aber seit der Erneuerung ist die Anmeldung umständlich und nervenraubend. Dadurch ist die Nutzung extrem herausfordernd. Deshalb überlege ich die App nicht mehr zu nutzen und wieder alles auf Papier umzustellen. Nachhaltigkeit geht anders 😡,8.3.2,de,auth_registration;usability_ui,0.9093351,1,0.24641931,0,0.84997135,1,0.4953719,0,0.46225035,1,auth_registration;general_feedback;smarthealth_epa_features
11791866246,apple_app_store,HEK Service-App,1287511413,2024-10-03 08:29:41,1,negative,Schrott,"Ich würde ja gerne Smart User werden, aber die Einstellung funktioniert nicht. Schade, dass es keine minus Sterne für diese App gibt.",8.3.0,de,auth_registration;general_feedback,0.9020184,1,0.6102021,0,0.25807968,0,0.4289206,0,0.24890092,0,auth_registration
acbbdbd3-d670-4969-aeb5-256fb3b5836a,google_play,VIACTIV - Service,de.viactiv.meinservice,2024-08-31 19:18:20,1,negative,,"Einzige Katastrophe. Die App gibt keine verlässliche Mitteilung über neue Schriftstücke im Posteingang, obwohl Push Benachrichtigungen korrekt aktiviert und für die App auch im Handy freigegeben sind. Im Ergebnis habe ich dadurch Fristen verpasst, die Familienversicherung meines Sohnes wurde beendet und er (12 Jahre) soll nun 24.000€ KV Beiträge für die letzten zwei Jahre nachzahlen. Ein Witz, Digitalisierungsalptraum Deutschland. Gebt wenigstens eine Mail raus wenn neue Nachrichten vorliegen!",1.11.1,de,document_management;tech_stability_crash;general_feedback,0.5317,0,0.8642869,1,0.46079773,1,0.50235385,1,0.4641635,1,tech_stability_crash;general_feedback;document_management;smarthealth_epa_features
4d7b573f-0450-4433-bef9-55be2b2467f0,google_play,HEK Service-App,de.hek.serviceapp,2024-08-23 21:03:44,1,negative,,"Für die ""smart"" Nutzung besucht es den ePerso??? In jeder Online Apotheke kann ich mit der eGK Rezepte einlösen, die Mitgliedschaft geht auch ohne ePerso. Warum reicht die eGK nicht? Aber dafür werden nach einem Update alle Daten vergessen und man darf alles neu angeben. Weil eGK kann man auch dann nicht. Nach Bewertung entfernt.",8.3.1,de,auth_registration;updates_versions;tech_stability_crash,0.92347443,1,0.82104814,1,0.17450102,0,0.48361567,0,0.46024108,1,auth_registration;tech_stability_crash;smarthealth_epa_features
45a46d92-dd9d-4a7a-a4e9-1509cd5d33d0,google_play,HEK Service-App,de.hek.serviceapp,2024-08-16 23:01:23,1,negative,,App funktioniert noch immer nicht. Bleibt bei der Registrierung bei Stufe 2 hängen.,8.3.0,de,auth_registration;tech_stability_crash,0.90435344,1,0.91372246,1,0.10470199,0,0.30227128,0,0.17219602,0,auth_registration;tech_stability_crash
d0dc07ab-bbec-4429-9c26-cae59c3bf028,google_play,HEK Service-App,de.hek.serviceapp,2024-08-11 23:57:14,1,negative,,"Die Smart-Version lädt nicht, trotz abgeschlossener Registrierung der Gesundheits-ID. Es kommt die Meldung in Dauerschleife aber es passiert nichts: ""Daten werden in den geschützten Bereich geladen.""",8.3.0,de,auth_registration;tech_stability_crash,0.9190484,1,0.9262671,1,0.09225584,0,0.4870932,0,0.45082486,1,auth_registration;tech_stability_crash;smarthealth_epa_features
e360d110-fd1b-468e-b0e5-b37a59f7e16d,google_play,VIACTIV - ePA,de.viactiv.meinegesundheit.live,2024-08-02 13:16:54,1,negative,,Die Verifizierung mit Personalausweis wird trotz dreimaliger korrekter Eingabe der 6 stelligen Pin nicht akzeptiert.,24.0.0,de,auth_registration,0.8992287,1,0.12586051,0,0.15892434,0,0.48496386,0,0.16462988,0,auth_registration
668a518d-9b00-4465-bf9e-3439911d14d9,google_play,HEK Service-App,de.hek.serviceapp,2024-07-26 15:54:05,1,negative,,"Bin neues Mitglied und wollte über die beworbene App mein Passfoto hochladen. Registrierung in der App ist nicht möglich. Angeblich sind die bei der HEK hinterlegten Daten nicht identisch mit denen auf meinem Personalausweis. Spoiler: Sind sie doch, Briefe kommen ja an und auch Name und Geburtsdatum stimmen überein. Drücke ich in der App auf ""Kontakt aufnehmen"", kommt die Meldung ""es ist ein unerwarteter Fehler aufgetreten."" Ist die HEK in allen Angelegenheiten so unprofessionell?",8.3.0,de,auth_registration;document_management;tech_stability_crash;customer_service,0.92636526,1,0.8979504,1,0.20718539,0,0.503263,1,0.47119278,1,auth_registration;tech_stability_crash;document_management;smarthealth_epa_features
7f3add2d-f2c3-4986-b1dc-9c9c090a4e8f,google_play,HEK Service-App,de.hek.serviceapp,2024-07-19 11:08:42,1,negative,,"Muss mich jedes mal neu für smart registrieren. Funktioniert einfach nicht. Wäre ne gute Sache, wenn ich jetzt nich wieder wochenlang auf das Schreiben warten müsste.",8.2.1,de,auth_registration,0.91644514,1,0.20717186,0,0.23982938,0,0.47989485,0,0.2002657,0,auth_registration
6b8cf27d-474a-4658-ad15-ce416280bba9,google_play,HEK Service-App,de.hek.serviceapp,2024-07-13 23:01:20,1,negative,,"Die App ist so schlecht, unübersichtlich, ständig muss man sich neu einloggen. Grauenvoll !!! Schade das man nicht Minus 5 Sterne geben kann.",8.2.1,de,general_feedback;usability_ui;auth_registration,0.87558794,1,0.7495078,0,0.7491398,1,0.4554102,0,0.13441814,0,auth_registration;general_feedback
11451124804,apple_app_store,HEK Service-App,1287511413,2024-07-03 08:22:26,1,negative,Ohne „Smart“ nicht zu empfehlen,"Die App verliert andauern die persönlichen Daten. Namen und Versicherungsnummer. Anscheinend wird man so zu „smart“ gezwungen…

Nachtrag: nach dem Speichern der Daten und erneutem öffnen der App nach ca. 30min. sind die persönlichen Daten schon wieder weg. Also besser wieder Rechnungen postalisch einreichen.",8.2.1,de,tech_stability_crash;auth_registration;document_management,0.91354525,1,0.8464846,1,0.19907859,0,0.5030891,1,0.45950603,1,auth_registration;tech_stability_crash;document_management;smarthealth_epa_features
270a8136-d43e-4702-8006-23d765a7b8cd,google_play,HEK Service-App,de.hek.serviceapp,2024-06-14 13:15:28,1,negative,,"An sich ist Krankenkasse nicht zu empfehlen. Aber ob es wo anders besser ist? Da wir Politiker haben, die gegen den Bürger und für eigenen Geldbeutel arbeiten und von der Pharma bezahlt werden ..und das System mit Absicht zerstören..bin ich am zweifeln..warten schon 3 Wochen auf Rezept..früher nach 3 Tagen im Briefkasten bei anderer Krankenkasse.. .",,de,general_feedback,0.37917843,0,0.15053022,0,0.90128237,1,0.49401507,0,0.42993933,0,general_feedback
305d18ae-bd85-4044-b281-cffce3bf209b,google_play,HEK Service-App,de.hek.serviceapp,2024-05-17 00:30:17,1,negative,,"Tja was soll man sagen, Idee gut, Implementierung? 1 Stern. Verbindungsprobleme, ständige Popups, dass Datenladen 10 Minuten dauert (wenn Backendsysteme zu alt/langsam für Synchronizität sind, sollte der Prozess besser Async stattfinden). Bei nahezu jedem Zurück gehen muss der PIN neu eingegeben werden (besser Sessiontoken mit Expiration verwenden). Der Initiale Auth Prozess ist der Hammer (leider im negativen) und selbst danach, kann man sich nicht seine Gesundheitsdaten laden (SmartHealth)",8.2.1,de,tech_stability_crash;usability_ui;auth_registration;smarthealth_epa_features,0.8694736,1,0.90127826,1,0.13207826,0,0.49357656,0,0.46206245,1,auth_registration;tech_stability_crash;smarthealth_epa_features
6fbfdf83-6ce9-4b34-b2f5-876b2a41d94e,google_play,HEK Service-App,de.hek.serviceapp,2024-05-15 13:08:22,1,negative,,Kann nicht Installiert werden,8.0.3,de,updates_versions;tech_stability_crash,0.36103988,0,0.23405562,0,0.20001586,0,0.35427794,0,0.14617738,0,
82c5a534-5ddf-4bb8-bc2f-b042a757de5b,google_play,HEK Service-App,de.hek.serviceapp,2024-05-13 04:33:14,1,negative,,"Um einen erneuten Datenabruf im ""Smart""-Bereich durchzuführen, muss man Optionen abwählen ... nicht sehr Smart und besonders nicht gut getestet an der Stelle. Dann muss man sich immer zwei mal komplett anmelden, um nur weitere Fehler oder überhaupt keine Informationen zu erhalten. Sehr schade und schon seit Monaten so herausfordernd.",8.2.1,de,usability_ui;auth_registration;tech_stability_crash,0.920647,1,0.9233942,1,0.12789634,0,0.4940174,0,0.45793524,1,auth_registration;tech_stability_crash;smarthealth_epa_features
11135955353,apple_app_store,HEK Service-App,1287511413,2024-04-08 16:51:25,1,negative,Deutsche Digitalisierung,"Nach der sehr umständlichen Registrierung für die Smart Variante muss man sich jetzt jedes Mal 2-3 mit einer sechsstelligen PIN anmelden. Das ist nicht nur altmodisch, sondern unsicher und nervig. Wieso nicht biometrisch mit Passkey? Auch hat die App mehrere Bugs, so hat das Hinzufügen von Impfungen mehrfach nicht geklappt.",8.2.0,de,auth_registration;usability_ui;smarthealth_epa_features,0.92677647,1,0.702616,0,0.18013419,0,0.49124053,0,0.4747259,1,auth_registration;smarthealth_epa_features
269ec9b4-8003-41e4-896c-ba8737df4505,google_play,HEK Service-App,de.hek.serviceapp,2024-04-05 22:15:34,1,negative,,"Funktioniert immer noch nicht im ""smart"" Modus. Bei der Registrierung kommt lediglich ""es ist ein unerwarteter Fehler aufgetreten"". So genau wollte ich es gar nicht wissen.",8.2.0,de,auth_registration;tech_stability_crash,0.91659874,1,0.9283164,1,0.097233824,0,0.48147336,0,0.44123286,0,auth_registration;tech_stability_crash
11109344883,apple_app_store,HEK Service-App,1287511413,2024-04-01 12:04:49,1,negative,Keine Verbesserung,"Smart- Anmeldung geht immer noch nicht. Der Kommentar: Störung seit 1.1.24 ist langsam der Hohn, trotz Updates immer die gleichen Fehler. Ausweisdaten und Versichertenkartendaten passen im System nicht zusammen. Wie wäre es mal mit der Überarbeitung des Datenstammes? Meine Daten haben sich nämlich seit meiner Geburt nicht geändert.",8.2.0,de,auth_registration;updates_versions;tech_stability_crash,0.90777993,1,0.92392135,1,0.109117776,0,0.48659322,0,0.45406777,1,auth_registration;tech_stability_crash;smarthealth_epa_features
5166523b-0ab0-4f60-a7e4-d5b0862b5324,google_play,HEK Service-App,de.hek.serviceapp,2024-03-28 10:51:23,1,negative,,Personen ohne Deutschen Personalausweis oder Reisepass können sich nicht anmelden. Katastrophe,8.2.0,de,auth_registration;general_feedback,0.89393324,1,0.18966183,0,0.3404647,0,0.459041,0,0.11542517,0,auth_registration
61cdd6f7-9a3f-421a-889d-4d844827964d,google_play,HEK Service-App,de.hek.serviceapp,2024-03-20 19:02:46,1,negative,,Bekomme seit Wochen keinen Kontakt zum Server. Bis Anfang des Jahres hat die App wunderbar funktioniert und jetzt funktioniert gar nichts mehr,8.1.1,de,tech_stability_crash,0.29854357,0,0.91164577,1,0.3239437,0,0.3637277,0,0.092945606,0,tech_stability_crash
2041b200-4239-4b76-bda9-8eea69e12ba9,google_play,HEK Service-App,de.hek.serviceapp,2024-03-19 16:52:00,1,negative,,"Die App ist absolut unbrauchbar. Seit Monaten versuche ich, mich für die Smart-Funktion erneut anzumelden. Ohne Erfolg. Weder über den Personalausweis noch über die Gesundheitskarte möglich. Ich kann keine PIN per Brief anfordern, weil auch da nur eine Fehlermeldung kommt. Die wirklich nützlichen Funktionen gibt es halt leider nur bei Smart und darauf bekomme ich keinen Zugriff. So ist die App echt ein Armutszeugnis.",8.1.1,de,general_feedback;auth_registration;tech_stability_crash,0.9255098,1,0.90453327,1,0.36962655,0,0.49798867,0,0.4727152,1,auth_registration;tech_stability_crash;smarthealth_epa_features
3fa5c2e0-f3a4-4fb1-8f7c-fde2e64b5651,google_play,HEK Service-App,de.hek.serviceapp,2024-03-16 19:46:30,1,negative,,"Bei der SMART-Registrierung ist ein Fehler aufgetreten. Keine Erklärung, nichts weiter. Das gibt keinen Stern ... Ich würde SMART sowieso viel lieber am PC im Web nutzen, einfacher in der Bedienung und sicherer durch echtes 2FA mit zwei Geräten!",8.1.0,de,auth_registration;tech_stability_crash,0.90960586,1,0.89889795,1,0.1994561,0,0.48153314,0,0.42766953,0,auth_registration;tech_stability_crash
bb3725f0-b788-4979-8818-5716f5568f2b,google_play,HEK Service-App,de.hek.serviceapp,2024-03-15 10:27:48,1,negative,,"Lasst endlich mal Profis ran! Seit Wochen funktioniert Smart Health nicht!! Was ist denn da los? Die App läuft so langsam und hat immer nur Probleme. Alle anderen Krankenkassen schaffen es doch auch. Eine Bewertung von 1,6 lässt tief blicken. Da ist wirklich sehr viel Luft nach oben! Vielleicht solltet ihr die App ganz neu aufsetzen. App funktioniert immer noch nicht! Das ist ein Armutszeugnis.",8.1.0,de,auth_registration;tech_stability_crash;general_feedback,0.5608158,1,0.9123065,1,0.88741547,1,0.48145753,0,0.45729706,1,auth_registration;tech_stability_crash;general_feedback;smarthealth_epa_features
10978273718,apple_app_store,HEK Service-App,1287511413,2024-02-25 12:43:02,1,negative,Arno,Log in Funktioniert immer noch nicht,8.1.0,de,auth_registration,0.65191716,1,0.38523763,0,0.1319331,0,0.2887688,0,0.13904087,0,auth_registration
10977275851,apple_app_store,HEK Service-App,1287511413,2024-02-25 06:14:19,1,negative,Sehr langsam und unwirksam,"Seit mehreren Wochen geht bei mir diese App nicht! Ich habe geduldig auf Update gewartet und leider kein besseres bekommen! Es sagt kontinuierlich ‚fehler bei Kommunikation mit Server‘. Sonnst auch, die App sehr langsam geworden.",8.1.0,de,updates_versions;tech_stability_crash,0.3739668,0,0.9264121,1,0.14165932,0,0.46164706,0,0.3944395,0,tech_stability_crash
47019d65-a223-4b9c-8ddc-6c206fa9a151,google_play,HEK Service-App,de.hek.serviceapp,2024-02-24 21:19:37,1,negative,,"Funktioniert halt einfach nicht, ich kriege immer nur Verbindungsfehler. Sowohl im WLAN als auch über Mobilfunk, und alle anderen Apps funktionieren",8.0.3,de,tech_stability_crash,0.44580513,0,0.9151583,1,0.11980881,0,0.47043613,0,0.1448307,0,tech_stability_crash
eb521a37-e955-40c6-a816-149afe5f6331,google_play,VIACTIV - ePA,de.viactiv.meinegesundheit.live,2024-02-20 14:32:32,1,negative,,Schlechte Informationen zu diesem Thema.,23.7.2,de,general_feedback,0.25187021,0,0.10407948,0,0.9207107,1,0.3706845,0,0.1809154,0,general_feedback
10919670518,apple_app_store,HEK Service-App,1287511413,2024-02-09 12:58:14,1,negative,Unzufrieden,"Seit Tagen versuche ich mich mit meiner Gesundheits-ID einzuloggen, aber es kommt immerwieder der gleiche Fehler. ""Ein unerwarteter Fehler ist aufgetreten"", was echt nervt. Und für mit Gesundheitskarte anmelden braucht man eine extra PIN. Oh je! Echt umständlich!",8.0.1,de,auth_registration;tech_stability_crash;usability_ui,0.9216225,1,0.91871053,1,0.21178484,0,0.4898815,0,0.45530033,1,auth_registration;tech_stability_crash;smarthealth_epa_features
10905211253,apple_app_store,VIACTIV - ePA,1540247793,2024-02-05 15:41:17,1,negative,APP alleine genügt nicht,"Die Installation der APP geht noch, aber was danach passiert:
-trotz vorhandener Serviceapp mit vorhandener Registrierung muss noch  einmal ein kompletter Registrierungsvorgang durchlaufen werden
- die Kontrollkästchen für die Zustimmerklärung reagiert nur scheinbar zufällig auf den Fingertipp
- vorhandene, vorgelegte Eingabefelder lassen sich nicht überschreiben
- fehlerhafte Registrierungsdaten werden vom Dienstleister in einer nicht akzeptablen Zeit (> 2 Wochen) korrigiert,

Neben einer funktionell gut ausgestatteten Anwendung ist es unabdingbar den sekundären Service Kundenfreundlich und schnell zu liefern. Hier ist noch sehr viel Luft nach oben.",2.6.2,de,auth_registration;usability_ui;customer_service,0.9242372,1,0.8879657,1,0.23604476,0,0.50145495,1,0.47388378,1,auth_registration;tech_stability_crash;document_management;smarthealth_epa_features
5e7610f6-3a01-4675-97e4-eda90d7e152d,google_play,VIACTIV - ePA,de.viactiv.meinegesundheit.live,2024-01-31 17:57:17,1,negative,,"Heute neue PIN bekommen, nach gefühlter Ewigkeit, funktioniert trotzdem nicht. Kämpfe jetzt seit Anfang Januar damit. Hänge ständig am Telefon und keinen erfahrenen Mitarbeiter, der sich damit auskennt. Erst heißt es : Email existiert bereits, im nächsten Schritt gibt es das Konto nicht. Hab noch nie solche Probleme mit einer App gehabt wie mit dieser. Schade das man keine 0 Sterne abgeben kann. Die meisten Krankenkassen sind da schon wesentlich weiter.",23.7.1,de,auth_registration;customer_service;tech_stability_crash;general_feedback,0.9019033,1,0.9199155,1,0.80264723,1,0.4802525,0,0.43089846,0,auth_registration;tech_stability_crash;general_feedback
fe72bf1a-9a33-4274-83e2-dbb70cd6dc08,google_play,HEK Service-App,de.hek.serviceapp,2024-01-31 14:09:27,1,negative,,"Kein Stern wert! Ich habe ein Tablet das erst 2 Jahre alt ist. Ein neues Handy mit NFC zu kaufen, nur wegen dieser App erschließt sich mir nicht. Die Identifizierung hätte man auch ganz einfach mit Code an Handy senden und der Versicherten-Nr. erfragen können. Die Versicherten-Nr ist schon eindeutig. Wieso man hier wieder mit Personalausweis agiert ist unsinnig. Typische Deutsche Bürokratie. Habe die App gelöscht und werde zukünftig alles wieder per E-Mail senden wie früher auch.",,de,auth_registration;document_management;general_feedback,0.91241676,1,0.58447975,0,0.6877856,1,0.5001941,1,0.4684737,1,auth_registration;general_feedback;document_management;smarthealth_epa_features
e0b01996-d2a8-423c-9c03-fd2dee64fb6a,google_play,VIACTIV - Service,de.viactiv.meinservice,2024-01-29 11:53:47,1,negative,,"Eigentlich müsste man Minuspunkte vergeben, wenn das ginge. Um sich zu identifizieren, soll man noch eine andere App von einem Drittanbieter installieren und dem dann auch noch seine Daten in den Rachen stopfen. Dann gibt es eben keine Viactiv- App mehr, die Krankenscheine werden ja eh elektronisch übermittelt..... Der letzte Schund ist das hier...",,de,auth_registration;document_management;general_feedback,0.91839963,1,0.42787647,0,0.30239937,0,0.4990375,0,0.46634063,1,auth_registration;smarthealth_epa_features
48777208-12d3-4325-8587-0d03205204b7,google_play,HEK Service-App,de.hek.serviceapp,2024-01-28 17:16:21,1,negative,,"Ich versuche, eine 2-wöchige Kinder-Krankmeldung zu senden. Ich kann mich nicht bei meinem Konto anmelden.",8.0.2,de,document_management;auth_registration,0.8967103,1,0.5402839,0,0.10569562,0,0.47403267,0,0.352354,0,auth_registration
34dfd76c-b872-43b9-ab2d-5ff5c15d4461,google_play,VIACTIV - Service,de.viactiv.meinservice,2024-01-27 21:17:58,1,negative,,"So lang es über nect geht werde ich die App wieder löschen. Denn nect geht überhaupt nicht und meldet beim Video ständig Fehlermeldung. Die haben jetzt meine Daten und ich kann die viactiv app trotzdem nicht nutzen.so, fliegt wieder runter und kommt auch nicht wieder drauf.",1.9.0,de,auth_registration;tech_stability_crash,0.8361535,1,0.9272907,1,0.1308503,0,0.48089668,0,0.45681912,1,auth_registration;tech_stability_crash;smarthealth_epa_features
f9d21c31-2565-4866-a2a9-b0ea72d53905,google_play,VIACTIV - ePA,de.viactiv.meinegesundheit.live,2024-01-20 15:00:43,1,negative,,"Bei der erstmaligen Registrierung wurden mir im Schritt Identifizierung zwei Verfahren angeboten: 1. über den ePerso, 2. über die Gesundheitskarte. Nach Wahl eines Verfahrens wurden dann aber die Daten des jeweils anderen erfragt. Angesichts solcher Fehler gleich beim 1. Kontakt mit der App habe ich kein Vertrauen mehr in die Zuverlässigkeit und sie daher sofort wieder deinstalliert.",,de,auth_registration;tech_stability_crash,0.92581856,1,0.91272616,1,0.16657816,0,0.4790243,0,0.470668,1,auth_registration;tech_stability_crash;smarthealth_epa_features
4fecb980-e426-4ed4-98d1-7febdccc970d,google_play,HEK Service-App,de.hek.serviceapp,2024-01-18 15:24:27,1,negative,,"Sadly the ""smart"" section is completely broken. Very bad experience, with errors and loops. Just poor design and poor execution. Edit 18.1. still receiving 'unexpected error' when entering gesundheitsID PIN",8.0.0,de,auth_registration;tech_stability_crash;usability_ui,0.86963373,1,0.9116712,1,0.16019617,0,0.48919722,0,0.44720215,0,auth_registration;tech_stability_crash
10828027685,apple_app_store,HEK Service-App,1287511413,2024-01-16 09:58:53,1,negative,Log in funktioniert nicht,Diese App ist absoluter bullsh*t,8.0.0,de,auth_registration;general_feedback,0.16460519,0,0.20251738,0,0.92515653,1,0.2999191,0,0.20822994,0,general_feedback
10825902889,apple_app_store,HEK Service-App,1287511413,2024-01-15 18:37:27,1,negative,Aktuell unbrauchbar,"Seit dem Update (ident per GesundID) ist die App unbrauchbar, ich kann mich nicht einloggen, bekomme schon beim Login Fehlermeldung. Die Push-info, dass ich eine neue Nachricht habe, klappt. Blöd nur, wenn man sie nicht abrufen kann, weil der Login nicht geht. 
Die Male, wo der Login geklappt hat, hat die App extrem gesponnen und war nur durch Hard-Close zu beenden. Seit dem komm ich (trotz iOS Update) nicht mehr rein….",8.0.0,de,updates_versions;auth_registration;tech_stability_crash;document_management,0.9209005,1,0.9295835,1,0.101801805,0,0.49922362,0,0.46894783,1,auth_registration;tech_stability_crash;smarthealth_epa_features
10814234977,apple_app_store,HEK Service-App,1287511413,2024-01-12 17:24:00,1,negative,Tolle app mit sehr vielen schwächen!,An sich ist die app ganz nett. Allerdings funktioniert die Smartfunktion überhaupt nicht. Die Registrierung funktioniert mal so garnicht wie soll ich den Rots nutzen wenn ich mich nicht mal registrieren kann. Es hat vorher schon semi gut funktioniert aber mit der Ausweispflicht ist es noch Unnützer und sinnloser geworden. Ab Hauptsache wir erhöhen immer weiter die Beiträge. Schade sonst ist die Idee ganz nett,8.0.0,de,auth_registration;general_feedback,0.9239559,1,0.2904903,0,0.69145346,1,0.489905,0,0.45674053,1,auth_registration;general_feedback;smarthealth_epa_features
10785948380,apple_app_store,HEK Service-App,1287511413,2024-01-05 07:02:13,1,negative,Absturz,"Seit dem Update stürzt die App in Smart Health ständig ab, sobald ich was aufrufe. Bitte Fehler beheben!",8.0.0,de,updates_versions;tech_stability_crash;auth_registration,0.57027125,1,0.91970056,1,0.1021211,0,0.39873123,0,0.13947582,0,auth_registration;tech_stability_crash
10778095747,apple_app_store,HEK Service-App,1287511413,2024-01-03 08:33:53,1,negative,Umstellung funktioniert nicht,"Seit dem 01.01.2024 muss die GesundheitsID erstellt werden, um die App komplett nutzen zu können. Leider funktioniert die Registrierung/Anmeldung auch im 10. Anlauf nicht wegen einer nicht näher bezeichneten Fehlermeldung. Frustrierend!",8.0.0,de,auth_registration;tech_stability_crash,0.91701394,1,0.9290822,1,0.11503499,0,0.4708159,0,0.43046555,0,auth_registration;tech_stability_crash
5bfd957d-8e17-4037-b093-d917b7b0e5b9,google_play,VIACTIV - Service,de.viactiv.meinservice,2024-01-02 17:29:51,1,negative,,"Die App ist ein sehr gutes Beispiel für eine typisch deutsche ""Digitalisierungslösung"". Es wurde eine random IT Bude Beauftrag und scheinbar niemals getestet. Der ""einfache"" Registrierungs vorgang geht: 1. App runter laden. 2. Registrierung starten. drei Nutzungs- und Datenschutz und verarbeitungs bedingungen lesen und akzeptieren, da mehrere Firmen beteiligt sind, 3. App für die verifizierung von irgendeiner Startup bude runter laden -> 4. fehlermeldung ""die App wird derzeit gewartet"" . Ende",1.9.0,de,auth_registration;tech_stability_crash;usability_ui,0.91644603,1,0.9089905,1,0.22226048,0,0.48462394,0,0.46060586,1,auth_registration;tech_stability_crash;smarthealth_epa_features
13853408408,apple_app_store,HEK Service-App,1287511413,2026-03-16 07:25:40,2,negative,Updatefehler,"Ich bekomme häufig den Hinweis ich solle ein Update installieren, es gibt aber gar kein Update. Dementsprechend ist die App die meiste Zeit für mich nicht nutzbar.",10.2.1,de,updates_versions,0.3354412,0,0.9071023,1,0.10384262,0,0.47924858,0,0.41398302,0,tech_stability_crash
706ff340-f3cd-4df5-aefd-58b5c8e138c0,google_play,HEK Service-App,de.hek.serviceapp,2025-10-06 20:19:47,2,negative,,"Leider funktioniert die App einfach nicht so, bzw. nicht alle Funktionen. Die EPA Akte ist nicht einsehbar. ""Ein unerwarter Fehler"". nicht lösbar nach mehrmaligem anschreiben. Ansonsten = Rechnungen und Anträge können gut darüber versendet werden.",10.0.5,de,smarthealth_epa_features;tech_stability_crash;customer_service;document_management,0.694025,1,0.9117072,1,0.113471836,0,0.49796975,0,0.4475533,0,auth_registration;tech_stability_crash
13031446477,apple_app_store,HEK Service-App,1287511413,2025-08-18 14:08:42,2,negative,Funktioniert meist nicht,Meist wird eine Fehlermeldung angezeigt. Trotz aktueller Version,10.0.2,de,tech_stability_crash;updates_versions,0.22966088,0,0.9160123,1,0.116105855,0,0.13733615,0,0.21085954,0,tech_stability_crash
6cc33a7e-62aa-4568-ae75-cdce588bec7d,google_play,VIACTIV - Service,de.viactiv.meinservice,2025-07-08 14:59:54,2,negative,,könnte besser werden,1.14.1,de,general_feedback,0.26007,0,0.30224943,0,0.86584127,1,0.36338046,0,0.20790297,0,general_feedback
d9887d2e-9825-4e48-9e3d-b2fd07c294cb,google_play,VIACTIV - Service,de.viactiv.meinservice,2025-06-12 13:39:34,2,negative,,Dauert 100 Jahre bis die Identifizierung abgeschlossen ist!,,de,auth_registration;tech_stability_crash,0.57492906,1,0.18801014,0,0.27717602,0,0.22361402,0,0.20925951,0,auth_registration
7386f555-b13a-45b4-b774-c62f64ee2bf7,google_play,HEK Service-App,de.hek.serviceapp,2025-05-08 10:42:03,2,negative,,"vor der Smart Anmeldung lief die App super, habe jetzt die Anmeldung gacht und kann die App nicht mehr öffnen! ständig steht "" Es ist ein Fehler aufgetreten!"" so und nun? Liebe HEK",8.4.4,de,auth_registration;tech_stability_crash,0.9231031,1,0.9259224,1,0.19799267,0,0.4458808,0,0.39259356,0,auth_registration;tech_stability_crash
11619661082,apple_app_store,HEK Service-App,1287511413,2024-08-17 07:26:54,2,negative,Wechsel in Smart Health funktioniert seit Monaten nicht,"Nach einem Gerätewechsel im Mai 2024 musste ich die HEK-App neu für Smart-Health registrieren. Kein Problem, dachte ich, aber weit gefehlt. 
Jegliche Versuche, einen Wechsel durchzuführen scheitern an einer Fehlermeldung, sobald das System eine erfolgreiche Legitimationsprüfung bestätigt. Leider konnte ich auch nirgendwo eine Kontaktmöglichkeit zu einem technischen Support finden und eine Kontaktanfrage über die HEK selber blieb unbeantwortet. 
Die funktionierende Version würde von mir 5 Sterne bekommen.",8.3.0,de,auth_registration;tech_stability_crash;customer_service,0.8907359,1,0.9206163,1,0.14656998,0,0.49510303,0,0.47168,1,auth_registration;tech_stability_crash;smarthealth_epa_features
11375532455,apple_app_store,HEK Service-App,1287511413,2024-06-13 06:51:04,2,negative,Klappt nicht,"Hab alles so weit registriert und eingestellt aber sobald ich mich dann versuche anzumelden kommt immer die gleiche Nachricht: Unerwarteter Fehler. 

Kurzgesagt: App funktioniert bei mir nicht.",8.2.1,de,auth_registration;tech_stability_crash,0.9200798,1,0.9228507,1,0.09803774,0,0.464367,0,0.32879966,0,auth_registration;tech_stability_crash
11198783418,apple_app_store,HEK Service-App,1287511413,2024-04-25 12:37:51,2,negative,Wechsel zu smart nicht möglich,"Ich habe jetzt glaube ich schon 10 Anläufe ausprobiert, den Wechsel von Basis auf Smart durchzuführen - obwohl ich alles habe, inklusive PIN zum Personalausweis, funktioniert das nicht und ich lande immer wieder auf der Startseite und muss von vorne beginnen. Hilfe.",8.2.1,de,auth_registration;tech_stability_crash,0.9014874,1,0.8948176,1,0.12161038,0,0.48212963,0,0.41338488,0,auth_registration;tech_stability_crash
10912302142,apple_app_store,VIACTIV - ePA,1540247793,2024-02-07 12:52:17,2,negative,Weiterhin mangelhaft,"Wie schon im März letzten Jahres festgestellt ist die App nicht Userfreundlich.
Nach der eh schon viel zu umständlichen Ersteinrichtung, wird jetzt beim öffnen der App eine PIN abgefragt und dann beim öffnen der eigentlichen EPA nochmals die gleiche PIN.
Bedauerlicherweise läuft dann Ewigkeiten der Ladekringel.
Ich weiß es ist schwierig APP-Developer für sich zu gewinnen, aber diese Performace spiegelt 1:1 die deutsche Digitalisierung wider.
Und anstelle von „Fehlerbehebung „ als Change-log vielleicht etwas deutlicher artikulieren.",2.6.2,de,usability_ui;auth_registration;smarthealth_epa_features;tech_stability_crash;updates_versions,0.8265194,1,0.89455116,1,0.19149095,0,0.49874336,0,0.47594717,1,auth_registration;tech_stability_crash;smarthealth_epa_features
10681410666,apple_app_store,HEK Service-App,1287511413,2023-12-11 08:34:38,2,negative,Leider nutzlos,"Mit Kindern kann die App nicht genutzt werden. Aber auch so, ist sie einfach umständlich und nicht nutzerfreundlich. Werde sie nicht mehr nutzen und wieder per email kommunizieren. Nehmt euch mal ein Beispiel am online Service der TK.",7.3.0,de,usability_ui;document_management;general_feedback,0.4727152,0,0.21359798,0,0.8940454,1,0.49132138,0,0.40907884,0,general_feedback
14077997375,apple_app_store,HEK Service-App,1287511413,2026-05-18 10:58:29,3,neutral,Verbesserungsfähig,"An sich ist es super entspannt, dass man über die App alles versenden kann. Allerdings habe ich ständig Fehler. Vor allem in der epa. Ständig lässt es sich nicht öffnen und ich erhalte nur eine Fehlermeldung. Das macht einfach keinen Spaß.",10.3.1,de,document_management;tech_stability_crash;smarthealth_epa_features,0.3475255,0,0.9254417,1,0.3351696,0,0.51054806,1,0.46462062,1,tech_stability_crash;document_management;smarthealth_epa_features
14055552877,apple_app_store,HEK Service-App,1287511413,2026-05-12 09:13:44,3,neutral,.,.,10.3.0,de,general_feedback,0.15785961,0,0.2899105,0,0.82275087,1,0.39823958,0,0.18521811,0,general_feedback
26332ee8-78a4-406c-a52f-22ba08159050,google_play,HEK Service-App,de.hek.serviceapp,2026-04-30 15:15:56,3,neutral,,"oft überlastet, daher langsam.",10.3.0,de,tech_stability_crash,0.13692163,0,0.2322856,0,0.6796632,1,0.36870024,0,0.19768783,0,general_feedback
86a9c46d-5844-4d17-8118-92797a46e3a5,google_play,VIACTIV - ePA,de.viactiv.meinegesundheit.live,2026-04-14 10:08:59,3,neutral,,"seit dem Update friert die Startseite immer wieder ein. Bitte nachbessern. (Kundenservice ist wie immer top, aber technisch ist da noch ein Bug drin)",26.1.0,de,updates_versions;tech_stability_crash;customer_service,0.34701043,0,0.9184983,1,0.11667609,0,0.46944577,0,0.12399185,0,tech_stability_crash
13889623187,apple_app_store,HEK Service-App,1287511413,2026-03-26 17:03:16,3,neutral,Basisversion ganz o. K.,"Die Basisversion ist gut und klappt. Ich empfinde sie als positiv. 
Die ePa ist allerdings absolut überbewertet. Was nutzt es, wenn Einträge teilweise erst nach Monaten erfolgen. Ich dachte immer, sie soll in aktuellen Behandlungen Arztbriefe, Diagnosen und das Kopieren von Labordaten verzichtbar machen. Wenn das so weitergeht ist das Projekt zum Tode und dieser Teil der App zur Nutzlosigkeit verdammt, schade. Mir fehlt allerdings die Kenntnis zur Übersichtlichkeit  anderen Krankenkassen-App‘s, deshalb 3 Sterne.",10.2.1,de,smarthealth_epa_features,0.54173535,0,0.21488616,0,0.8033842,1,0.49338654,0,0.4711271,1,general_feedback;smarthealth_epa_features
13801653454,apple_app_store,HEK Service-App,1287511413,2026-03-01 08:28:00,3,neutral,"Gut, aber oftmals langer Login","Ich bin normalerweise sehr zufrieden mit der App. Nun wird mir seit Tagen angezeigt, dass ich mich nicht in der App anmelden kann, weil ich anscheinend schlechte Internetverbindung hätte. Dies ist aber nicht der Fall! Auch nach App-Aktualisierung bleibt das Problem und ich habe es bereits mit Wlan und mobilen Daten probiert.",10.2.1,de,auth_registration;tech_stability_crash;updates_versions,0.9158829,1,0.9273487,1,0.15132402,0,0.4956795,0,0.46865848,1,auth_registration;tech_stability_crash;smarthealth_epa_features
13730539383,apple_app_store,HEK Service-App,1287511413,2026-02-09 12:55:23,3,neutral,Immer noch Fehlermeldung,Seit Wochen ist es nicht möglich sich als Smart -User anzumelden. Leider auch nicht nach dem Update,10.2.0,de,auth_registration;updates_versions,0.8983411,1,0.48178837,0,0.09986674,0,0.37884736,0,0.3641061,0,auth_registration
13677314827,apple_app_store,HEK Service-App,1287511413,2026-01-26 09:45:40,3,neutral,Es wäre so schön…,"Die App hätte Vorteile, würde sie nur funktionieren. Zugriff auf die ePA ist nicht mehr möglich, obwohl das empfohlene Update gemacht wurde. Dokumente, die über die App gesendet werden, deren Eingang mit Nummer quittiert wird, sind angeblich nicht angekommen. Wenn dem so ist, woher wissen die Bearbeiter, dass sie nicht angekommen sind??
Mein Antrag wurde wegen dieses Fehlers der App abgelehnt.",10.1.3,de,smarthealth_epa_features;updates_versions;document_management,0.75666547,1,0.9203716,1,0.12919821,0,0.50449,1,0.47252175,1,auth_registration;tech_stability_crash;document_management;smarthealth_epa_features
13523373341,apple_app_store,HEK Service-App,1287511413,2025-12-17 10:10:16,3,neutral,Impfungen nicht hinzufügbar,An sich ganz ok. Aber einige Funktionen funktionieren nicht ganz. Zum Beispiel lässt sich beim Hinzufügen von Impfungen in Smart Health nicht nach unten scrollen bei der Impfauswahl. So lassen sich nur Impfungen die mit A-H anfangen hinzufügen. Bitte beheben.,10.0.4,de,smarthealth_epa_features;usability_ui,0.6439169,1,0.49177232,0,0.11483332,0,0.4838126,0,0.46499962,1,auth_registration;smarthealth_epa_features
f3dc7052-cfad-4668-8eb3-394ebca4b29f,google_play,VIACTIV - Service,de.viactiv.meinservice,2025-12-04 09:10:40,3,neutral,,"Beim Dokument senden, fehlt mir ein Kommentarfeld vor dem Absenden. z.b. habe ich einen Rechnung von meiner PZR eingereicht und ich hätte gerne ergänzt "" bitte den Anteil entsprechend erstatten, danke""",1.16.1,de,document_management;usability_ui,0.3787985,0,0.21101387,0,0.14411737,0,0.50831825,1,0.40791997,0,document_management
13424066002,apple_app_store,HEK Service-App,1287511413,2025-11-21 13:15:35,3,neutral,Tastatur,"An sich tut die App, was sie soll. Nur seit circa 1,5 Wochen kann ich meine Anmeldung nicht bestätigen, da mir die Tastatur, wie bei einigen Vorrednern auch, nicht angezeigt wird. Bitte einmal diesen Fehler beheben!",10.0.4,de,auth_registration;usability_ui;tech_stability_crash,0.9125975,1,0.9230154,1,0.13865913,0,0.47442767,0,0.43949786,0,auth_registration;tech_stability_crash
13419551893,apple_app_store,VIACTIV - Service,1608541708,2025-11-20 08:32:19,3,neutral,Keine App für Pflege,"Die Nutzung der App für Pflegeleistungen ist nahezu sinnfrei, da sich die Pflegebedürftigen selber identifizieren müssen. Das geht nur in einer Niederlassung, oder per NFC Ausweis. Jetzt nur noch die Frage klären, wie jemand mit Pflegrad das machen soll?
Post Ident geht auch nicht. 
Bevollmächtigte Vertreter können die App so nicht nutzen!!! 
Also bleibt nur, der Weg zum Postkasten. 
Das muss dringend behoben damit Pflegede die Pflege auch digital verwalten können.",1.16.1,de,auth_registration;document_management,0.90236926,1,0.22142598,0,0.35890132,0,0.50067896,1,0.4686261,1,auth_registration;document_management;smarthealth_epa_features
982c56dc-48ec-4529-8f2f-12d5e80c56c3,google_play,VIACTIV - Service,de.viactiv.meinservice,2025-11-06 09:35:20,3,neutral,,Die Verifizierung ist sehr zäh und die App reagiert sehr zögerlich.,1.16.1,de,auth_registration;tech_stability_crash,0.57837206,1,0.85786945,1,0.87123466,1,0.17323957,0,0.19785549,0,auth_registration;tech_stability_crash;general_feedback
9482eefe-2184-44f0-91f9-57f41e7d5084,google_play,VIACTIV - ePA,de.viactiv.meinegesundheit.live,2025-10-20 10:39:21,3,neutral,,Wann erscheint die App für den Desktop PC? Ich bin sehbehindert. Die App auf dem kleinen Smartphone Display zu nutzen ist unmöglich. Die Nutzung auf dem Tablet scheitert wegen fehlender NFC Schnittstelle 🙁,25.6.0,de,usability_ui;auth_registration,0.596343,1,0.8535558,1,0.10834933,0,0.48046893,0,0.45710102,1,auth_registration;tech_stability_crash;smarthealth_epa_features
dee86ffd-27fe-48d5-9273-02018adaf7d0,google_play,HEK Service-App,de.hek.serviceapp,2025-10-16 10:06:41,3,neutral,,"Erst muss man sich wieder neu registrieren. Was nach zig versuchen immerhin funktioniert. Dann ist die gerade neu vergebene Gesundheits PIN angeblich falsch, dann geht sie doch. dann steht Anmeldung erfolgreich. aber geladen wird genau nichts. Ständig Server-Probleme. Dringender Handlungsbedarf: richtet eine registrierungsunabhängige Möglichkeit ein, euch digital etwas zukommen zu lassen! z.b. per Kontaktformular. Update: wenn mal keine Serverprobleme, gute Funktionen.",10.0.5,de,auth_registration;tech_stability_crash;document_management,0.92216486,1,0.9180364,1,0.1115095,0,0.48660845,0,0.40471765,0,auth_registration;tech_stability_crash
8651f823-c6c5-4f22-bf96-b3351b957323,google_play,HEK Service-App,de.hek.serviceapp,2025-10-15 07:38:56,3,neutral,,"Ich habe lange gute Erfahrungen mit der App gemacht. Gerade versuche ich mich allerdings seit ein paar Tagen einzuloggen. Jedes Mal erscheint erst die Information, dass die Anmeldung erfolgreich war. Dann kommt eine Fehlermeldung, dass die Kommunikation mit dem Server nicht funktioniert hat. Das ist ziemlich frustrierend. Ich werde wohl doch erstmal eine einfache E-Mail schreiben und so meinen Meldepflichten nachkommen.",10.0.5,de,auth_registration;tech_stability_crash;document_management,0.9215483,1,0.92866063,1,0.27908236,0,0.5058968,1,0.47855046,1,auth_registration;tech_stability_crash;document_management;smarthealth_epa_features
11c60648-decf-4f36-8a94-d5cf65bc8cfc,google_play,HEK Service-App,de.hek.serviceapp,2025-10-02 12:47:54,3,neutral,,"Die App funktioniert nicht mehr. Möchte ein Update welches nicht vorhanden ist Handy ist auf dem neuesten Stand. Kommt ein noch ein Update, oder war es das?",10.0.3,de,updates_versions;tech_stability_crash,0.25278565,0,0.91863084,1,0.096312545,0,0.43127787,0,0.28470024,0,tech_stability_crash
36ba23d1-caf1-454a-8eb2-c19b6420cd02,google_play,HEK Service-App,de.hek.serviceapp,2025-09-18 18:28:36,3,neutral,,"Gutes Konzept, guter Datenschutz. Leider kann ich jedoch keine Informationen kopieren und einfügen. Informationen wie eine IBan müssen aufwändig manuell übertragen werden. Auch das Schreiben ist am Smartphone umständlicher, da die Autokorrektur nicht greift. Somit ist die direkte Kommunikation per App ist kaum effizienter als ein digitales Fax.",10.0.2,de,usability_ui;general_feedback,0.30018044,0,0.3587738,0,0.76988053,1,0.5039115,1,0.46006197,1,general_feedback;document_management;smarthealth_epa_features
ea23856d-f391-41d0-818e-c93d3cf3d574,google_play,VIACTIV - Service,de.viactiv.meinservice,2025-06-18 19:17:23,3,neutral,,edit*** es hat jetzt funktioniert aber etwas umständlich das ganze.Die app ist im Vergleich zu Barmer App sehr dünn gehalten. Das Registrieren funktioniert nicht. Trotz Perso Zertifizierung wird die Anmeldung von der Krankenkasse nicht anerkannt....warum auch immer.,1.14.1,de,auth_registration;general_feedback,0.9206711,1,0.59918123,0,0.7897266,1,0.479607,0,0.41813207,0,auth_registration;general_feedback
02f517d3-a1e5-48b0-8c34-d9a01d00e4d3,google_play,HEK Service-App,de.hek.serviceapp,2025-01-06 07:15:03,3,neutral,,"Schön, das meine Daten so sicher sind, dass selbst ich mich nicht einloggen kann. Weder 10 Minuten warten noch die ganze Zeit den Ok Knopf drücken hilft. Update: über Nacht und mit Handy aus hat es dann geklappt",8.4.2,de,auth_registration;tech_stability_crash,0.9133299,1,0.92068565,1,0.3204782,0,0.46715307,0,0.40788275,0,auth_registration;tech_stability_crash
d8e60d49-fc3e-4f97-9952-394a3b5cc9ca,google_play,HEK Service-App,de.hek.serviceapp,2025-01-05 14:32:42,3,neutral,,Registrierung zum Smart User funktioniert nicht sofort. Nach 3 Tagen Geduld läuft alles super.,,de,auth_registration;general_feedback,0.91259176,1,0.40264684,0,0.88738334,1,0.24263814,0,0.19039117,0,auth_registration;general_feedback
11843476541,apple_app_store,HEK Service-App,1287511413,2024-10-17 11:42:32,3,neutral,Bitte Face ID ermöglichen,"Die App bietet gute Funktionen und man kann vieles digital erledigen. Aber die Ladezeiten sind manchmal einfach zu lang und besonders das Verhalten, wenn man die App mal verlassen muss, um was nachzuschauen, ist stark verbesserungsbedürftig. Man muss immer wieder seinen PIN eingeben, hier sollte sich doch Face ID recht einfach einbauen lassen? Und dann dauert es erstmal wieder 10 Sekunden bis der vorherige Screen wieder da ist. Es kommt auch recht oft zu irgendwelchen unspezifischen Fehlermeldungen. Meine Freundin ist bei der TK und da funzt das alles so viel besser…",8.3.0,de,tech_stability_crash;usability_ui;auth_registration,0.8964844,1,0.9244971,1,0.41101953,0,0.50010735,1,0.47222465,1,auth_registration;tech_stability_crash;document_management;smarthealth_epa_features
11759917861,apple_app_store,HEK Service-App,1287511413,2024-09-24 16:42:11,3,neutral,Na ja…,"Was mich am meisten stört, ist nicht die App selbst, sondern das ist keine online Alternative mehr gibt. Wenn ich Bescheinigungen brauche, muss ich diese über die App anfordern und dann an meinen Computer senden, damit ich sie dann per E-Mail versenden kann.
Bei Smart Health kann ich mich seit einiger Zeit gar nicht anmelden. Es scheint, als würde sich die App anmelden und direkt wieder abmelden.
Die Kommunikation über den Messenger funktioniert meist okay. 
Bei mir verursacht die App eher Frust als Lust beim Benutzen.",8.3.0,de,document_management;auth_registration;tech_stability_crash,0.9218589,1,0.9065427,1,0.27930474,0,0.5043695,1,0.47771487,1,auth_registration;tech_stability_crash;document_management;smarthealth_epa_features
96bf9eaf-b5a0-405e-98e0-22ba8aa4b0b8,google_play,VIACTIV - Service,de.viactiv.meinservice,2024-08-19 14:45:55,3,neutral,,"Die Installation hat sehr gut funktioniert, das einzige Problem daran ist die ständige Meldung der App, dass kein Internet vorhanden ist, weswegen ich auch keinen Zugriff auf die App bekomme; der Anschluss ist aber def. vorhanden, daran kann es also nicht liegen. Support ist informiert, ich hoffe das wird helfen.",1.11.0,de,tech_stability_crash;customer_service,0.65251386,1,0.9239488,1,0.32497638,0,0.48280993,0,0.45342574,1,auth_registration;tech_stability_crash;smarthealth_epa_features
11290246376,apple_app_store,HEK Service-App,1287511413,2024-05-21 08:09:48,3,neutral,"Gute Funktionen, aber langsam","Registrierung und Dokumentenversand haben gut funktioniert, allerdings braucht die App sehr lange zum Laden und muss auch immer wieder neu laden, wenn sie im Hintergrund war. Auch ist schade, dass sie nicht als Desktop-App verfügbar ist. Dadurch kann man Dokumente nicht direkt am Rechner ausfüllen und dann senden.",8.2.1,de,auth_registration;document_management;tech_stability_crash;usability_ui,0.9040072,1,0.8523099,1,0.2895315,0,0.5094903,1,0.47638792,1,auth_registration;tech_stability_crash;document_management;smarthealth_epa_features
e0971410-bd83-433f-89fa-0583399d6ec3,google_play,HEK Service-App,de.hek.serviceapp,2024-03-27 20:07:09,3,neutral,,"bis vor kurzem hat die online Funktion gar nicht funktioniert. Das Problem ist mittlerweile gelöst worden. ich kann mich nun anmelden und auf die Services zugreifen. ein weiteres Update folgt, sobald mehr Erfahrung vorliegt.",8.1.1,de,auth_registration;tech_stability_crash;general_feedback,0.91271347,1,0.92823416,1,0.29393286,0,0.46609065,0,0.43420213,0,auth_registration;tech_stability_crash
5f8b1648-76e4-4b36-9c23-247df6675c9c,google_play,HEK Service-App,de.hek.serviceapp,2024-03-07 23:28:58,3,neutral,,"Smart Health funktioniert überhaupt nicht, egal auf welchem Endgerät.",8.1.0,de,smarthealth_epa_features;tech_stability_crash,0.33165976,0,0.13309617,0,0.13844109,0,0.23858759,0,0.22088096,0,
b8e7af41-ba23-455d-9470-02d943bfd54a,google_play,HEK Service-App,de.hek.serviceapp,2024-01-04 14:36:54,3,neutral,,"Immerhin kann man noch das Basic nutzen über welches Dokumente hochgeladen werden können. Leider kann ich mich auch nicht registrieren, aber es wurde ja schon erwähnt, dass eine Störung vorliegt. Ich hoffe, dass diese Störung möglichst bald behoben ist. Verstehe nur nicht, warum alles an einem Tag ablaufen musste. Eine nach und nach Einführung hätte die Probleme evtl verhindern können.",8.0.0,de,document_management;auth_registration;tech_stability_crash,0.91136676,1,0.92117983,1,0.15086368,0,0.50711167,1,0.47317228,1,auth_registration;tech_stability_crash;document_management;smarthealth_epa_features
27a714f8-0802-4406-aa31-6f15f651b74c,google_play,HEK Service-App,de.hek.serviceapp,2023-12-16 14:26:33,3,neutral,,"Bei der ersten Einrichtung ist die App schon fehleranfällt. ""Ihre Daten werden hochgeladen..."" Man kann sich nicht Mal einloggen weil ein Loop entsteht zwischen ""ihre Daten werden hochgeladen"" und ""sie sind Angemeldet"" Update, alles nochmal weg und neu registrieren hat geholfen",7.3.0,de,auth_registration;tech_stability_crash;usability_ui,0.9222391,1,0.9278469,1,0.099504925,0,0.49075136,0,0.45815995,1,auth_registration;tech_stability_crash;smarthealth_epa_features
e608f535-9354-4faf-8f4e-1cabb0b5b0f8,google_play,HEK Service-App,de.hek.serviceapp,2026-05-07 22:13:24,4,positive,,"Sobald ich einen Eintrag vornehme oder lösche, wird mir "" Es ist ein Fehler aufgetreten, versuchen Sie es später nochmal"" angezeigt. Starte ich aber die App erneut, ist die Änderung übernommen worden.",10.3.0,de,tech_stability_crash;usability_ui,0.7032422,1,0.92415094,1,0.10030967,0,0.49195305,0,0.43680558,0,auth_registration;tech_stability_crash
0d9fca5e-327d-424a-adad-ee22e679d44a,google_play,HEK Service-App,de.hek.serviceapp,2026-01-21 17:41:08,4,positive,,"Die App hat bisher immer super funktioniert. Leider funktioniert sie seit ca 10 Tagen bei mir gar nicht mehr. Es kommt immer die Meldung "" es ist ein unerwarteter Fehler aufgetreten"". Ich hoffe sie bekommen die App bald wieder zum laufen",10.1.2,de,general_feedback;tech_stability_crash,0.52315,0,0.93297225,1,0.5992544,1,0.48877165,0,0.461703,1,tech_stability_crash;general_feedback;smarthealth_epa_features
22ec741f-5926-42dd-b7f5-e0b97f3c5202,google_play,HEK Service-App,de.hek.serviceapp,2025-12-29 16:07:09,4,positive,,Nicht alles find ich toll zu.B. die Zahnreinigungs-Rückerstattungsklausel die nicht mehr erstattet wird. Sonst ist die HEK aber gut. Freundliche Mitarbeiter und schnelle Hilfe.,10.1.0,de,general_feedback;customer_service,0.21957748,0,0.13043587,0,0.9161236,1,0.47608483,0,0.23333918,0,general_feedback
83a56098-8ecc-4265-8f88-455e43e8c809,google_play,HEK Service-App,de.hek.serviceapp,2025-11-03 04:42:47,4,positive,,"Läuft, ePA? Irgendwie anders vorgestellt. Ist ja nichts",10.0.7,de,smarthealth_epa_features;general_feedback,0.17839676,0,0.081718855,0,0.88194764,1,0.18646072,0,0.16969834,0,general_feedback
38dfc509-02a8-4cba-938b-9dda37ecf8fc,google_play,VIACTIV - Service,de.viactiv.meinservice,2025-10-16 11:51:48,4,positive,,manche Eingaben und navigationen zu umständlich.,1.16.0,de,usability_ui,0.15136886,0,0.13515982,0,0.23509656,0,0.17433727,0,0.21834339,0,
13268594072,apple_app_store,HEK Service-App,1287511413,2025-10-15 08:03:21,4,positive,Gut aber nicht perfekt,"An sich ist die App gut aufgebaut und übersichtlich (für mich).
Aktuell bin ich dabei meinen Impfschutz aufzufrischen, was leider noch manuell eingetragen werden muss. Dabei ist mir aufgefallen, dass die Liste der Impfungen nicht gescrollt werden kann. Sobald ich einen Eintrag weiter unten auswählen möchte, springt die Ansicht sofort zum ersten Eintrag zurück.
Das finde ich besonders schade, da ich dadurch immer noch auf das alte Papier angewiesen bin.",10.0.4,de,smarthealth_epa_features;usability_ui;general_feedback,0.80017215,1,0.76811993,0,0.3566272,0,0.5030863,1,0.48286995,1,auth_registration;document_management;smarthealth_epa_features
2f8fe272-8883-46bc-a862-915de510ef5a,google_play,VIACTIV - Service,de.viactiv.meinservice,2025-10-09 15:13:13,4,positive,,funktioniert und bietet alle Dienste die man als Versicherter so benötigen könnte und die App ist nicht mit 2fa geschützt.,1.15.3,de,general_feedback;auth_registration,0.86230224,1,0.21884812,0,0.27731028,0,0.44814828,0,0.14897913,0,auth_registration
8552ac17-4c76-46d9-9263-5fa48a738637,google_play,VIACTIV - Service,de.viactiv.meinservice,2025-09-11 14:42:58,4,positive,,"Gute App, aber manchmal hat Fehler mit Dateien hochgeladen.",1.15.3,de,general_feedback;document_management;tech_stability_crash,0.25208497,0,0.9158307,1,0.22205685,0,0.38250747,0,0.19895169,0,tech_stability_crash
e65d3e4b-cf99-4cbc-8c91-975eb1995e91,google_play,VIACTIV - Service,de.viactiv.meinservice,2025-09-06 08:17:34,4,positive,,"Bin zufrieden,..",1.15.3,de,general_feedback,0.16809519,0,0.11686681,0,0.9080699,1,0.37577498,0,0.18055396,0,general_feedback
f377de33-409e-48fa-82c1-2570261bcf29,google_play,HEK Service-App,de.hek.serviceapp,2025-08-07 16:20:05,4,positive,,"Alles wichtige zum Einsehen, schnelles Senden von Dokumenten. Anmelden könnte etwas einfacher sein, ansonsten top!",,de,document_management;auth_registration;general_feedback,0.8980972,1,0.09526323,0,0.9190378,1,0.49297932,0,0.22064568,0,auth_registration;general_feedback
ec81fe7d-8380-44b6-aa48-09e9a52e3de4,google_play,VIACTIV - Service,de.viactiv.meinservice,2025-07-28 10:09:37,4,positive,,versenden von Dokumenten funktioniert. Super,1.14.1,de,document_management;general_feedback,0.12687567,0,0.2232302,0,0.8862254,1,0.23098418,0,0.23210585,0,general_feedback
12897186524,apple_app_store,HEK Service-App,1287511413,2025-07-16 04:53:47,4,positive,ePA endlich wieder in der App,"Vielen Dank, dass ich nun endlich wieder alles in einer App finde. Sie scheint auch etwas schneller geworden zu sein. Find ich gut. Weiter so!",10.0.0,de,smarthealth_epa_features;general_feedback;tech_stability_crash,0.23802893,0,0.22784992,0,0.9224028,1,0.37912807,0,0.23442882,0,general_feedback
12647307107,apple_app_store,HEK Service-App,1287511413,2025-05-12 09:04:39,4,positive,Gute App mit Schluckauf,"An sich eine gute App, die das macht, was sie soll. Zumindest untill now :P.
Kleiner Tipp an die Devs: Wenn man noch nicht seine ePA in der ePA App eingerichtet hat, obwohl es in der ePA App so scheint, als wäre man mit dem Anmeldeprozess fertig, wirft die Service App eine Endlosschleife von “Es könnte 10min dauern, bis ihre Patientenakte eingerichtet ist” oder so in der Art aus. Es wird aber nicht darauf hingewiesen, dass man das selbstständig in der ePA App machen muss. Hier sollte vielleicht eine sinnvollere Fehlernachricht ohne endloses Pop-Up eingerichtet werden.
Unter den digitalen Dokumenten fehlt noch der Antwortbogen zur Familienversicherung und manche Sortierungen sind noch nicht sehr benutzerfreundlich (Suchfenster, oder logischere Sortierung (klare Trennung von Flyern und wichtigen Dokumenten z.B., da momentan Flyer einmal einzeln, jedoch auch zwischen den wichtigen Dokumenten auffindbar sind)).

Die häufige Abfrage des PINs finde ich persönlich super, da man diesen direkt üben kann und es ja recht schnell geht.
Diese App ist gut und hat noch viel Potenzial, was in Zukunft ausgearbeitet werden kann. Sehr unterstützenswert!",8.4.4,de,smarthealth_epa_features;tech_stability_crash;document_management;usability_ui;auth_registration,0.8624502,1,0.8863652,1,0.21915421,0,0.50316477,1,0.47938323,1,auth_registration;tech_stability_crash;document_management;smarthealth_epa_features
bf418618-99bd-44aa-bcb5-207366a1ebe6,google_play,HEK Service-App,de.hek.serviceapp,2025-04-27 07:57:37,4,positive,,"Nach dem holprigen Start funktioniert diese App einwandfrei. Was mich wundert, dass noch keine Informationen über meine Arztbesuche, Diagnosen, ... in der App zu finden sind. Ansonsten gefällt mir die App mit dem ganzen wichtigen Informationen.",8.4.4,de,general_feedback;smarthealth_epa_features,0.44305897,0,0.4717949,0,0.8141413,1,0.48916784,0,0.46721262,1,general_feedback;smarthealth_epa_features
34bef95d-fec6-4533-aaa5-38efda088867,google_play,HEK Service-App,de.hek.serviceapp,2025-04-15 11:50:43,4,positive,,"Seit Ende 2024 läuft die App relativ stabil: ab und zu funktioniert die Anmeldung nicht sofort (dann aber beim 2. Versuch), Dokumente lassen sich mittlerweile ohne Probleme versenden, Schreiben und Lesen auf dem Dateisystem funktioniert zuverlässig (zum Speichern und Hochladen von PDF). Fazit: Meine komplette Kommunikation läuft mittlerweile hierüber.",8.4.4,de,tech_stability_crash;auth_registration;document_management;general_feedback,0.8941107,1,0.90887994,1,0.6954958,1,0.50768834,1,0.4467769,0,auth_registration;tech_stability_crash;general_feedback;document_management
11879861943,apple_app_store,HEK Service-App,1287511413,2024-10-27 07:18:28,4,positive,Funktioniert alles,"Jetzt funktioniert wieder alles wie es soll,
Toller und schneller Service wie immer :)",8.3.4,de,general_feedback;customer_service,0.17290871,0,0.07195495,0,0.9244165,1,0.2582826,0,0.20940587,0,general_feedback
590d01e6-0c13-4b4c-8758-1a432573aecc,google_play,HEK Service-App,de.hek.serviceapp,2024-10-11 14:27:26,4,positive,,"Push-Benachrichtigungen lassen sich nicht wegwischen bzw verschwinden nicht nach Anruf der Nachricht. Ansonsten übersichtlich, praktische Funktionen, intuitiv zu bedienen /Edit 10/24 Push-Benachrichtigungen bleiben weiterhin bestehen, ansonsten jetzt flüssigere Anwendung, Smart-Upgrade hat auch funktioniert",8.3.2,de,usability_ui;general_feedback;auth_registration,0.6315732,1,0.17026842,0,0.7485221,1,0.48724648,0,0.42978153,0,auth_registration;general_feedback
ad2bb9fe-8838-479d-999a-eabc893c50cc,google_play,HEK Service-App,de.hek.serviceapp,2024-10-03 10:17:34,4,positive,,"Nach fast 10 Monaten funktioniert die App endlich. Ich habe immer wieder direkten Kontakt aufgenommen und Screenshots gemacht. Nun wurde mein Konto einmal zurück gesetzt und ich konnte mich nun komplett neu registrieren. Schade nur, dass ich die App nicht zusätzlich als Infoportal auf einem iPad nutzen kann. Wäre noch ein Vorschlag für die Zukunft! Ansonsten alles bestens. Danke für die Unterstützung. Hätte nur schneller sein können, aber es funktioniert!",8.3.2,de,tech_stability_crash;customer_service;auth_registration;usability_ui;general_feedback,0.91286784,1,0.9086095,1,0.79860467,1,0.4978704,0,0.46727526,1,auth_registration;tech_stability_crash;general_feedback;smarthealth_epa_features
11499336120,apple_app_store,HEK Service-App,1287511413,2024-07-16 11:49:16,4,positive,Update,"Seit dem Update unbrauchbar. Auch ein neu installieren und neu anmelden bringt kein Erfolg.
„Hinweis: Ein unerwarteter Fehler ist aufgetreten. Bitte versuchen Sie es später erneut.“",8.3.0,de,updates_versions;auth_registration;tech_stability_crash,0.9081608,1,0.92160136,1,0.095922984,0,0.46116573,0,0.38572386,0,auth_registration;tech_stability_crash
11214878134,apple_app_store,HEK Service-App,1287511413,2024-04-30 00:17:15,4,positive,Fehlerbehaftet,"Login sehr umständlich und langwierig App stürzt oft ab. App Kommunikation mit den Server öfter gestört.

Die folgenden Updates brachten eine Verbesserung, läuft jetzt stabil.",8.2.1,de,auth_registration;tech_stability_crash;updates_versions;general_feedback,0.41798025,0,0.9132551,1,0.8286918,1,0.4521373,0,0.17659388,0,tech_stability_crash;general_feedback
2482204a-9765-4be8-9f73-00a2f3cf4e05,google_play,VIACTIV - Service,de.viactiv.meinservice,2024-04-19 17:44:53,4,positive,,"Die App startet nicht mehr, habe den Cache und die Daten gelöscht und neu eingerichtet. Es kommt in Dauerschleife, dass die Daten in den gesicherten Bereich geschrieben werden. Update: Nun Funktioniert die App wieder.",1.10.0,de,tech_stability_crash;auth_registration;general_feedback,0.79467994,1,0.9266142,1,0.11512389,0,0.4827019,0,0.4418224,0,auth_registration;tech_stability_crash
8bc3ae14-5a47-40de-b022-ba95568e4f21,google_play,VIACTIV - Service,de.viactiv.meinservice,2026-05-22 17:49:05,5,positive,,Beste Krankenkasse,1.19.1,de,general_feedback,0.1679822,0,0.34924734,0,0.91186845,1,0.38536775,0,0.17639057,0,general_feedback
98d8963d-ad19-41c8-9c4e-e7c318ffe5ad,google_play,VIACTIV - Service,de.viactiv.meinservice,2026-05-21 14:26:33,5,positive,,"Wunderbar, klappt alles!",1.19.0,de,general_feedback,0.12785369,0,0.12576532,0,0.92575216,1,0.3437697,0,0.23154442,0,general_feedback
95ad3bb6-6beb-4a0a-a9f4-f69a6f07261b,google_play,VIACTIV - Service,de.viactiv.meinservice,2026-05-19 16:51:52,5,positive,,"leicht zu bedienen, schneller Kontakt zum Sachbearbeiter.",1.19.0,de,usability_ui;customer_service;general_feedback,0.29654002,0,0.087298356,0,0.9233655,1,0.20821224,0,0.1785132,0,general_feedback
14000838511,apple_app_store,HEK Service-App,1287511413,2026-04-27 01:11:01,5,positive,Bewertung,Einfach,10.3.0,de,general_feedback;usability_ui,0.26193094,0,0.3549472,0,0.87289405,1,0.38665447,0,0.1884884,0,general_feedback
a105e7b8-f4e0-4ced-a1f7-9a7f05a2fbdf,google_play,VIACTIV - Service,de.viactiv.meinservice,2026-04-19 16:28:46,5,positive,,Ist eine tolle App,1.18.2,de,general_feedback,0.15802653,0,0.26396698,0,0.91677934,1,0.3819321,0,0.15983663,0,general_feedback
5e44ff38-972a-47c8-ab36-efe8acba5e72,google_play,VIACTIV - Service,de.viactiv.meinservice,2026-03-25 15:17:31,5,positive,,"Ich bin sehr zufrieden,alles wird sehr schnell abgewickelt.",1.18.1,de,general_feedback;customer_service,0.3174227,0,0.17796242,0,0.925839,1,0.13109542,0,0.19737351,0,general_feedback
13853461195,apple_app_store,VIACTIV - Service,1608541708,2026-03-16 07:56:13,5,positive,Top Versicherung,Beste Versicherung alles wurde immer schnell bearbeitet und egal was ist wir wurden immer super beraten kann ich nur weiterempfehlen top top top,1.18.1,de,general_feedback;customer_service,0.33937594,0,0.30791914,0,0.92151713,1,0.4391147,0,0.113400124,0,general_feedback
c470fb9d-b70d-49e2-8dd6-6a53e076571d,google_play,HEK Service-App,de.hek.serviceapp,2026-03-13 11:09:59,5,positive,,Klasse app,10.2.1,de,general_feedback,0.15791647,0,0.19772175,0,0.87980574,1,0.38145235,0,0.1840596,0,general_feedback
750359ca-51e6-439b-a051-a07646451e85,google_play,HEK Service-App,de.hek.serviceapp,2026-03-10 20:03:58,5,positive,,Beste Krankenversicherung,10.2.1,de,general_feedback,0.3966755,0,0.3322397,0,0.8917213,1,0.37677488,0,0.1730531,0,general_feedback
133bf640-ccfa-4bc8-af98-ad6c4d567c60,google_play,VIACTIV - Service,de.viactiv.meinservice,2026-02-25 08:10:04,5,positive,,erspart viel Zeit ist echt prima,1.18.0,de,general_feedback,0.203669,0,0.25237843,0,0.92946506,1,0.22464523,0,0.11635008,0,general_feedback
5a342b28-4ee2-4e25-b9d9-e915c21781d1,google_play,VIACTIV - Service,de.viactiv.meinservice,2026-02-05 14:05:24,5,positive,,Sehr zufrieden,1.17.0,de,general_feedback,0.15243879,0,0.30425972,0,0.917714,1,0.3751641,0,0.13856816,0,general_feedback
608e58bb-684b-40fb-99b6-3b86504030e4,google_play,VIACTIV - Service,de.viactiv.meinservice,2026-02-02 19:15:38,5,positive,,Sehr gut,1.17.0,de,general_feedback,0.15534808,0,0.2214639,0,0.90504247,1,0.38287207,0,0.13200891,0,general_feedback
56ff5ed8-dc94-4ec4-9244-5c681d138cee,google_play,VIACTIV - Service,de.viactiv.meinservice,2026-01-20 17:19:46,5,positive,,Aplikacje kasy bardzo przydatna i pomocna,1.17.0,de,general_feedback,0.34885964,0,0.33038253,0,0.91970134,1,0.28949466,0,0.08814822,0,general_feedback
fe21945a-38f6-4090-a20d-af924a591687,google_play,VIACTIV - Service,de.viactiv.meinservice,2026-01-13 11:10:31,5,positive,,"Das fotografieren des Bonuspasses und der Zugabe verlief problemlos. Es war sogar so vorteilhaft: Wenn die Kamera den Pass fokusiert hatte, wurde das Foto automatisch ausgelöst, toll!",1.17.0,de,document_management;usability_ui;general_feedback,0.41321054,0,0.29049608,0,0.8294679,1,0.50531423,1,0.42149746,0,general_feedback;document_management
989292a7-7d6c-4e7f-b5ff-f38902816b4a,google_play,VIACTIV - Service,de.viactiv.meinservice,2026-01-06 13:50:56,5,positive,,"Super KK, klappt immer alles reibungslos. Kann ich jederzeit nur empfehlen.",1.17.0,de,general_feedback,0.30893221,0,0.13749246,0,0.92927694,1,0.2334283,0,0.20490274,0,general_feedback
7794e1f1-258f-497c-8481-25dc2627bdcb,google_play,VIACTIV - Service,de.viactiv.meinservice,2026-01-06 08:30:35,5,positive,,Alles Super,1.17.0,de,general_feedback,0.13627732,0,0.33568737,0,0.90638435,1,0.39111033,0,0.1553781,0,general_feedback
5f48e63f-ef50-4693-b161-a63522b3d2bb,google_play,VIACTIV - Service,de.viactiv.meinservice,2026-01-03 12:25:12,5,positive,,"sehr guter, freundlicher und kundenorientierter Service",1.17.0,de,customer_service;general_feedback,0.3401658,0,0.06556993,0,0.9256664,1,0.25954774,0,0.1735911,0,general_feedback
cc42ce66-a3d4-464f-bc07-42883f81136d,google_play,VIACTIV - Service,de.viactiv.meinservice,2025-12-20 10:17:23,5,positive,,Große Zeitersparnis. Frohes Weihnachtsfest,1.17.0,de,general_feedback,0.33319592,0,0.19272064,0,0.91256046,1,0.34778872,0,0.20603126,0,general_feedback
53a8e718-a9de-40e7-883e-fdf30dccd2e5,google_play,VIACTIV - Service,de.viactiv.meinservice,2025-12-11 09:17:19,5,positive,,"Ich kann diese Krankenkasse nur weiterempfehlen,ich wurde bisher sehr gut beraten,und alle Mitarbeiter sind sehr freundlich. B.Fischer",1.16.1,de,general_feedback;customer_service,0.18796717,0,0.2045272,0,0.9238142,1,0.4282014,0,0.14179082,0,general_feedback
400715f3-4632-4738-9063-09532aea6314,google_play,VIACTIV - Service,de.viactiv.meinservice,2025-12-09 14:57:58,5,positive,,Eine super Krankenkasse. Nicht billig aber ein sehr guter Service.,1.16.1,de,general_feedback;customer_service,0.26973972,0,0.16939743,0,0.9236022,1,0.13724987,0,0.19218442,0,general_feedback
a230e0d7-10a1-4cf6-aee8-6a7eb708aff5,google_play,VIACTIV - Service,de.viactiv.meinservice,2025-12-06 12:32:51,5,positive,,"Sehr empfehlenswert, gäbe es mehr Sterne, würde ich sie vergeben.",1.16.1,de,general_feedback,0.30119163,0,0.2297106,0,0.9104287,1,0.2801199,0,0.20958492,0,general_feedback
e41f6296-ceff-4e93-8d42-cd7676bd7861,google_play,VIACTIV - Service,de.viactiv.meinservice,2025-12-04 09:55:32,5,positive,,"dies ist eine sehr gute App und hilft mir bei der stetigen Kommunikation im Rahmen der Pflege meiner Frau. selten gibt es lange Wartezeiten in unserem Fall. ich möchte mich wie immer über die Unterstützung und Leistungen meiner, schon seit 50 Jahren, Krankenkasse bedanken. die App hilft umso mehr und ist gut zu händeln . ich würde das Thema Pflege separieren da ich manchmal nicht weiß ob die Dokumente an die richtige Stelle ankommen. ist nur ein freundlicher Tip. frohes Fest und bleibt gesund. R",1.16.1,de,general_feedback;customer_service;document_management;usability_ui,0.27323085,0,0.1352923,0,0.90466356,1,0.50192195,1,0.45795473,1,general_feedback;document_management;smarthealth_epa_features
13417263958,apple_app_store,VIACTIV - Service,1608541708,2025-11-19 16:26:55,5,positive,Einfach strukturierte und optimal nutzbare App,"Die App ist schön strukturiert, einfach zu handhaben und man kann viele Sachverhalte einfach und schnell kommunizieren und digital bearbeiten und an die Krankenkasse senden. Klasse",1.16.1,de,usability_ui;document_management;general_feedback,0.21868664,0,0.11451794,0,0.8802363,1,0.50156265,1,0.30342755,0,general_feedback;document_management
13359755194,apple_app_store,VIACTIV - Service,1608541708,2025-11-05 13:28:40,5,positive,Super,"Einfacher Zugang, schneller Bearbeitung",1.16.1,de,auth_registration;general_feedback;customer_service,0.13489224,0,0.13310167,0,0.9148302,1,0.3777979,0,0.17773382,0,general_feedback
13334631540,apple_app_store,VIACTIV - Service,1608541708,2025-10-30 17:55:31,5,positive,Dokumenten,"Schnell, einfach und bequem. Der Wechsel hat sich gelohnt!",1.16.0,de,general_feedback,0.29403803,0,0.17032792,0,0.9284189,1,0.3410656,0,0.23223032,0,general_feedback
c09be5b8-c3d6-444f-a7fd-2f74d5eeb301,google_play,VIACTIV - ePA,de.viactiv.meinegesundheit.live,2025-10-23 10:57:37,5,positive,,Für die Installation und Einrichtung der App hat mich das eService Team telefonisch hervorragend unterstützt. Eine sehr empathische und geduldige Mitarbeiterin hat mich Schritt für Schritt durch die Installation geführt. Top.,25.8.0,de,auth_registration;customer_service;general_feedback,0.54015374,0,0.24546392,0,0.90079314,1,0.48520947,0,0.40911427,0,general_feedback
fc84c860-26a5-4328-8a80-aa8e6e3b38bd,google_play,VIACTIV - Service,de.viactiv.meinservice,2025-10-11 13:37:54,5,positive,,Saubere Sache.,1.15.3,de,general_feedback,0.17228435,0,0.26455745,0,0.6541894,1,0.38535443,0,0.18556143,0,general_feedback
8ecc9d44-0774-4296-8ebe-908c4e03771e,google_play,HEK Service-App,de.hek.serviceapp,2025-10-06 19:57:18,5,positive,,App geht wieder und bietet gute Funktionen,10.0.5,de,general_feedback;tech_stability_crash,0.24495086,0,0.21670672,0,0.8989274,1,0.3540033,0,0.14126575,0,general_feedback
18ada5b1-4d8c-42da-8ada-8a12550ea845,google_play,VIACTIV - Service,de.viactiv.meinservice,2025-10-04 13:04:40,5,positive,,Sehr gut,1.15.3,de,general_feedback,0.15534808,0,0.2214639,0,0.90504247,1,0.38287207,0,0.13200891,0,general_feedback
48c7cf88-850d-483f-b517-35d1d42a789a,google_play,HEK Service-App,de.hek.serviceapp,2025-10-03 20:35:36,5,positive,,Gute App. Nach Anlaufschwierigkeiten hat der Support möglicherweise auf meinen Hinweis/ Kritik reagiert läuft,10.0.5,de,general_feedback;customer_service;tech_stability_crash,0.24941178,0,0.9136861,1,0.68812096,1,0.12578087,0,0.19147775,0,tech_stability_crash;general_feedback
f52f6152-ca6c-464d-bd32-61b7ec88fa5f,google_play,VIACTIV - Service,de.viactiv.meinservice,2025-09-23 19:04:29,5,positive,,Dokumenten zusenden praktische Funktion?,1.15.3,de,document_management,0.13098869,0,0.14082722,0,0.24127753,0,0.38603163,0,0.2005786,0,
2d1eae30-00c6-4c66-bc82-1be982bb0cb8,google_play,VIACTIV - Service,de.viactiv.meinservice,2025-09-22 19:29:26,5,positive,,pomocna bo jest w miarę szybki kontakt,1.15.3,de,general_feedback;customer_service,0.21363941,0,0.2788657,0,0.92418885,1,0.28706506,0,0.11396593,0,general_feedback
3ce832dd-6e3f-438f-b9f9-9cdc0d49341d,google_play,VIACTIV - Service,de.viactiv.meinservice,2025-09-18 15:37:16,5,positive,,"Die App ist super, benutzerfreundlich und effektiv 👍",1.15.3,de,general_feedback;usability_ui,0.24331814,0,0.1270978,0,0.9269356,1,0.32079807,0,0.24714379,0,general_feedback
7bf46f77-6373-4958-909f-11e586093f0e,google_play,VIACTIV - Service,de.viactiv.meinservice,2025-08-15 16:07:25,5,positive,,wir wurden immer gut beraten und ständig über Neuigkeiten informiert.,1.15.1,de,customer_service;general_feedback,0.31864476,0,0.13507307,0,0.9260269,1,0.35818663,0,0.16267173,0,general_feedback
0afab49e-0efa-4176-9cd3-3afc2b4d95fa,google_play,VIACTIV - Service,de.viactiv.meinservice,2025-08-08 11:30:04,5,positive,,Tolle Krankenkasse,1.15.1,de,general_feedback,0.14418261,0,0.3349799,0,0.92858845,1,0.37291807,0,0.12760001,0,general_feedback
0bc241cd-a5ec-41d5-b15f-7f749e6e2ab3,google_play,VIACTIV - Service,de.viactiv.meinservice,2025-07-30 15:34:45,5,positive,,"tolle Krankenkasse, man berkommt immer eine sachkundige Auskunft, gutes Bonusprogramm, bin sehr zufrieden",1.14.1,de,general_feedback;customer_service,0.16004334,0,0.05659646,0,0.9303591,1,0.20360278,0,0.2454236,0,general_feedback
99ea5ea7-c2a0-4491-9e7e-76b6f12917c9,google_play,VIACTIV - Service,de.viactiv.meinservice,2025-07-19 07:01:19,5,positive,,Alles top,1.14.1,de,general_feedback,0.22168696,0,0.33301508,0,0.8778351,1,0.39225915,0,0.15477507,0,general_feedback
d4628ab3-9e65-4e26-9137-632180d2cfc0,google_play,VIACTIV - Service,de.viactiv.meinservice,2025-06-11 11:12:08,5,positive,,Es ist sehr einfach und verständlich,1.14.1,de,general_feedback;usability_ui,0.22956565,0,0.26685125,0,0.9259166,1,0.3805289,0,0.20703419,0,general_feedback
b724e435-e90d-4fc7-9ef7-c8d6fe2f93fc,google_play,VIACTIV - Service,de.viactiv.meinservice,2025-05-27 17:29:35,5,positive,,schnelle Bearbeitung,1.14.0,de,general_feedback;customer_service,0.38461766,0,0.38875657,0,0.9207922,1,0.37568837,0,0.14621645,0,general_feedback
2c7d3b96-ef90-4b84-a66d-51042b7545cb,google_play,VIACTIV - Service,de.viactiv.meinservice,2025-05-22 11:32:39,5,positive,,"schnell, effizient und immer kundenorientiert, bei Fragen immer zur Verfügung, ein ganz persönliches großes Lob",1.14.0,de,general_feedback;customer_service,0.26478907,0,0.11193285,0,0.92601174,1,0.34179625,0,0.19167177,0,general_feedback
31b5ed4e-b098-426c-a696-0a2e0b17627b,google_play,VIACTIV - Service,de.viactiv.meinservice,2025-05-15 18:17:27,5,positive,,"Einen besseren und einfacheren Weg um alles mögliche bei der VIACTIV zu erledigen, gibt's nicht. Und alles wird immer zügig bearbeitet. Vielen Dank für soviel Service",1.14.0,de,general_feedback;customer_service,0.23009388,0,0.09726345,0,0.91319895,1,0.4938347,0,0.38402364,0,general_feedback
2ff7eab5-b198-4d28-9f71-f9f1c6b07254,google_play,VIACTIV - Service,de.viactiv.meinservice,2025-05-12 12:42:48,5,positive,,die App ist eine wunderbare Sache. komplikationslose Bedienung 👍🏼👍🏼👍🏼,1.13.1,de,general_feedback;usability_ui,0.32724747,0,0.0754832,0,0.9241314,1,0.3308057,0,0.1926449,0,general_feedback
660fa349-7f80-4794-9c07-cc811a16028b,google_play,VIACTIV - Service,de.viactiv.meinservice,2025-04-26 08:34:15,5,positive,,Einfache Handhabung,1.13.1,de,usability_ui;general_feedback,0.17173421,0,0.32693678,0,0.915021,1,0.35084772,0,0.13976897,0,general_feedback
1880b940-5263-435b-bdaf-9093fd04c9a8,google_play,VIACTIV - Service,de.viactiv.meinservice,2025-04-25 10:38:52,5,positive,,"Bei Anrufen über die verschiedenen Hotline Nummern, kann es zu Wartezeit kommen. Der Service bzw die Beratung, sind aber super. Es kann kaum besser sein.",1.13.1,de,customer_service;general_feedback,0.34549403,0,0.28622836,0,0.9154762,1,0.45741332,0,0.17848697,0,general_feedback
ae3ab18b-c76a-4bd0-8e2c-c2000a5389a3,google_play,VIACTIV - Service,de.viactiv.meinservice,2025-04-03 09:44:28,5,positive,,super App leicht zu bedienen,1.13.0,de,general_feedback;usability_ui,0.2933993,0,0.19190398,0,0.90296656,1,0.36437806,0,0.18141897,0,general_feedback
c001728e-c712-4a26-a776-a1e43e158463,google_play,VIACTIV - Service,de.viactiv.meinservice,2025-04-01 18:56:13,5,positive,,Sehr gut 👍 👌,1.13.0,de,general_feedback,0.16168144,0,0.20653306,0,0.9161584,1,0.3852835,0,0.13320331,0,general_feedback
12439923083,apple_app_store,HEK Service-App,1287511413,2025-03-19 19:23:47,5,positive,Alle Anwendungsbereiche Top!,Super finde ich die App Kommunikation! Alle Tools sehr praktisch genau wie die Übermittlung von Dokumenten und Unterlagen. Einfach smart :),8.4.4,de,general_feedback;document_management,0.21908134,0,0.084916174,0,0.9215409,1,0.49786752,0,0.1045838,0,general_feedback
791b5b5f-1b58-4270-87b0-f4d09e7d43b2,google_play,VIACTIV - Service,de.viactiv.meinservice,2025-03-18 22:46:58,5,positive,,Super APP!,1.13.0,de,general_feedback,0.130398,0,0.23789528,0,0.9077307,1,0.3855583,0,0.1918537,0,general_feedback
12195877919,apple_app_store,HEK Service-App,1287511413,2025-01-17 16:04:41,5,positive,Sehr gute übersichtliche App,"Man findet alles, was man braucht. Vor allem in der SMART Variante 
Elektronisches Postfach ist super

Auch die Patientenakte ist super! Und man entscheidet ja selbst, welcher Arzt darauf Zugriff hai",8.4.3,de,general_feedback;document_management;smarthealth_epa_features,0.19937825,0,0.08442148,0,0.8512356,1,0.49304417,0,0.45398778,1,general_feedback;smarthealth_epa_features
0a3d2d3b-5c29-4755-9374-1f25800c2f39,google_play,VIACTIV - Service,de.viactiv.meinservice,2024-12-25 11:31:31,5,positive,,Bin damit rund herum zufrieden.,1.11.1,de,general_feedback,0.17401317,0,0.07676404,0,0.92322034,1,0.37335357,0,0.14832973,0,general_feedback
63085d9c-be31-48bb-a095-b356bc8de8a7,google_play,HEK Service-App,de.hek.serviceapp,2024-10-01 22:18:08,5,positive,,"Ich konnte mich heute beanstandungsfrei für die Smart-Nutzung anmelden. Allerdings: Ich bin seit dem 01.10.2024 bei der HEK versichert und hatte es vorher auch immer wieder versucht, nur leider vergeblich. Scheint also wohl erst zum Versicherungsbeginn zu funktionieren.",8.3.2,de,auth_registration;general_feedback,0.913531,1,0.15327366,0,0.67105883,1,0.48776048,0,0.45249367,1,auth_registration;general_feedback;smarthealth_epa_features
11744241049,apple_app_store,HEK Service-App,1287511413,2024-09-20 11:25:09,5,positive,Katastrophe !!!,"Irgendetwas geht immer schief. Ständig heißt es, es ist ein Fehler aufgetreten. Dies ist die beschissenste App, die ich je hatte.
Bis heute morgen funktioniert wenigstens
das Premium smarthealth Login noch,
jetzt steht, wie fast immer, es ist ein Fehler aufgetreten.
Somit komme ich in smarthealth erst gar nicht mehr rein. 
Außerdem wäre es angebracht, wenn die App mit Face-ID zu öffnen wäre und nicht ständig mit der Gesundheits-ID.
Absolut nicht empfehlenswert !",8.3.0,de,tech_stability_crash;general_feedback;auth_registration;usability_ui,0.9014684,1,0.9306946,1,0.16793863,0,0.48769173,0,0.47509122,1,auth_registration;tech_stability_crash;smarthealth_epa_features
6b0a4487-e92a-4dc5-a7d7-5c3155eec8c8,google_play,VIACTIV - Service,de.viactiv.meinservice,2024-09-12 12:48:00,5,positive,,Super,1.11.1,de,general_feedback,0.27094582,0,0.34826624,0,0.88671136,1,0.3939347,0,0.18569699,0,general_feedback
11933618-d0d5-4a15-9185-e67b07513901,google_play,VIACTIV - ePA,de.viactiv.meinegesundheit.live,2024-08-22 14:02:10,5,positive,,Hochzufrieden,24.0.0,de,general_feedback,0.15670851,0,0.3272332,0,0.9067136,1,0.33404586,0,0.16467635,0,general_feedback
afabd7e7-28a9-4699-b4d5-05f754637b63,google_play,HEK Service-App,de.hek.serviceapp,2024-06-25 14:54:44,5,positive,,"Prefekt, danke",8.2.1,de,general_feedback,0.29411873,0,0.09275158,0,0.92493516,1,0.37987372,0,0.19397965,0,general_feedback
5cfbd0e0-0e39-492f-8b75-94bec6b9fdbb,google_play,HEK Service-App,de.hek.serviceapp,2024-05-12 16:17:14,5,positive,,nach zwischenzeitlichen problemen alles wieder in Ordnung. Es wäre super eine Möglichkeit zu integrieren um abzufragen ob E-Rezepte bereits vorliegen.,8.2.0,de,general_feedback;smarthealth_epa_features,0.40515977,0,0.09961465,0,0.83305055,1,0.4838096,0,0.42409965,0,general_feedback
11241728762,apple_app_store,HEK Service-App,1287511413,2024-05-07 13:05:01,5,positive,HEK Platz 1,"Die App hat wirklich viele gute Funktionen.
Gerade in Hinblick auf smarthealth und die neue elektronische Patientenakte ist die App bereits gut ausgestattet.
Leider funktioniert seit dem letzten Update smarthealth und somit auch die epa nicht.
Was sehr schade ist. An manchen Stellen, z.B. im Chat-Bereich wirkt die App langsam, was aber in erster Linie kein Problem dar-stellt. Das Soll nur ein objektives Feedback sein.
Ansonsten klare Empfehlung für jeden, der bei der HEK ist.",8.2.1,de,general_feedback;smarthealth_epa_features;updates_versions;tech_stability_crash;usability_ui,0.48985854,0,0.88494223,1,0.8301167,1,0.49076656,0,0.4751346,1,tech_stability_crash;general_feedback;smarthealth_epa_features
11198387007,apple_app_store,VIACTIV - Service,1608541708,2024-04-25 10:12:16,5,positive,App,Die App funktioniert sehr gut und ist eine gute Erleichterung,1.10.0,de,general_feedback,0.21862097,0,0.1981786,0,0.92957795,1,0.25475627,0,0.20043866,0,general_feedback
bce08a69-6688-4e10-8bec-d626dc564a76,google_play,VIACTIV - Service,de.viactiv.meinservice,2024-03-09 14:23:57,5,positive,,Gesundheits Versicherung seit Jahrzehnten. Immer wieder auf sehr freundliche Mitarbeiter gestoßen. Danke,1.10.0,de,general_feedback;customer_service,0.15283991,0,0.07444861,0,0.92727333,1,0.31870338,0,0.1417754,0,general_feedback
9c894e3b-508a-43a5-b1de-0aa8ecec53b5,google_play,VIACTIV - Service,de.viactiv.meinservice,2024-02-19 16:19:02,5,positive,,Ich finde diese App genial. Erspart mir viel Arbeit und Zeit mit einem pflegebedürftigen Ehemann. DANKE viactiv,1.9.0,de,general_feedback,0.21370882,0,0.103643745,0,0.91068476,1,0.47663563,0,0.28255743,0,general_feedback
